OLD_ORGANIZATION_ID,ORGANIZATION_ID
74ab949d-17ac-3309-83a0-13b4405c66aa,ORG0001
588f6ce6-b8db-3588-8189-29db2680a313,ORG0002
faffaf6a-ee1a-3673-b0b0-421a9c249244,ORG0003
17a4bae5-8b64-34d7-8144-b428be027bd0,ORG0004
4112b8b1-59df-3255-a7ca-f42ee0a4cb2e,ORG0005
e09d4c49-c2ef-3b0f-9a46-3719d9219306,ORG0006
e76b5eb0-0c9d-3593-b5da-3c0e9a97bb96,ORG0007
c241b977-4131-32e4-9957-e0a00b2a1e5f,ORG0008
ef5390b4-cba5-3d83-96db-af783a7adb43,ORG0009
77645e49-3f69-3d1d-bb93-dc65210e2fac,ORG0010
aa682136-a4df-3942-9f50-e6fcee6c0b73,ORG0011
d2284f74-b6da-3a15-9791-84cdf2db18fb,ORG0012
5becf220-2978-3f33-bd38-9326947f85de,ORG0013
ae88fd02-4911-3625-9e97-85b626ed3b0b,ORG0014
a58ec72a-cf43-3de5-88c1-de2fbec976a5,ORG0015
a418cf76-2ee3-3736-a752-29ee33e86015,ORG0016
2936ca90-6594-357d-be14-53fe0ab84dd1,ORG0017
e3089df2-a1db-372a-b660-30392d8c197b,ORG0018
77d67d58-b097-3309-a94c-abd49c432528,ORG0019
42d4b607-f14d-370a-818e-40965685776c,ORG0020
ab701a70-a658-340e-8f69-ee196a7d40c6,ORG0021
41e77ca4-b0d7-3c1d-ac88-4ae5a705913d,ORG0022
11ba6a26-59b4-3728-a268-6dc9929962b4,ORG0023
f736c0f5-6d39-3e26-8ac1-39e1fc60dfbe,ORG0024
71472d9b-aa5c-3b49-a5c3-d0eee8859015,ORG0025
8a2e2731-3240-39d1-b4f0-cad14200937d,ORG0026
dcbd0460-9bcf-3e7d-a923-1d22bcc5a9bd,ORG0027
88e28a1c-aad9-36d0-832b-b579ecb95c3d,ORG0028
bd6cec50-10de-3696-940b-4022618764ab,ORG0029
4cf79e95-2815-3a4c-a3b8-951fe548dd27,ORG0030
f6dac745-644b-3837-aa26-de3c910f6b17,ORG0031
52ecddd8-42f6-35cc-88a5-cf474c02fb49,ORG0032
65450d34-6d61-3601-b325-9d471587b016,ORG0033
2b376b69-72ac-3d68-aceb-018e82b8fc8f,ORG0034
3f4167a5-1477-35da-a456-fc05c8858aa7,ORG0035
75f0d4cd-dbbb-3037-b6ad-2e99665728c7,ORG0036
fa564970-fde4-332c-91d9-c0747b032d3e,ORG0037
a3a72023-3f37-3d77-be82-62085a912993,ORG0038
1311c44a-85cb-3aea-a143-e5d7892ced8b,ORG0039
5fab4eec-522e-334a-a3e0-41605e009495,ORG0040
817a1428-2045-3e89-9fa2-ef7d287d6fa5,ORG0041
1a40cadb-d382-3853-9975-8b74417f291b,ORG0042
4bf8af75-4da2-331d-b94e-9975a887face,ORG0043
b4359169-6bc8-3e93-9e0c-19c6bf518e58,ORG0044
4846e68f-845b-38e6-aa40-48196bf9ff0e,ORG0045
667b46fe-0afa-3f70-a311-bbe3d52db050,ORG0046
a4af40b8-0ddb-34bb-ae4a-95a17e9ad6f3,ORG0047
009f87f0-4bb6-350c-ba41-0b3235a7ca43,ORG0048
f945589f-88aa-366b-9e9d-2418d091112d,ORG0049
775df862-d2d1-3a68-9814-043f6aa6ea66,ORG0050
fe675917-7b09-3afd-a6e6-128cc4de4734,ORG0051
bdc3ee76-9cf3-316d-b202-a8da1ea3fa20,ORG0052
8447e2c7-df8d-3e1f-9d88-b67dcca2bcb6,ORG0053
7f08f09e-c5f7-38cd-83ba-ddafedd88a13,ORG0054
643eac8e-1620-3b6a-b9f3-664b003d22cd,ORG0055
8e3ca57f-6f74-3d61-9803-ab1424290216,ORG0056
8f4d4f0b-9c98-33e1-b649-c304f3a4c431,ORG0057
5fcff9db-16e4-3e56-aa78-abbc16338097,ORG0058
fa09396a-2926-3b21-ad0c-9f6cabbce0eb,ORG0059
8fed5af6-8e61-33f5-9835-e5d3ac5fdd4a,ORG0060
84abfbd5-41c1-3df4-9b31-7ca93cb2309a,ORG0061
2617efb0-1afe-3c9c-afbe-2ca94f9c198c,ORG0062
fa61a21b-27de-3ba7-bc4a-0d7145bf72a6,ORG0063
1ddd51d1-7297-3c3b-bad5-98aecd5e4a79,ORG0064
4cb90b5f-734d-322f-a2f2-776824e1ce35,ORG0065
93c3d861-e05d-33b9-91eb-1768470229d7,ORG0066
233b0cce-d2eb-3d4e-bbfb-539cb9dccf4c,ORG0067
2e1eaaf1-ebb0-332c-8921-f48e15b91879,ORG0068
c272e12f-e154-3fee-b05d-b7c0cab2657d,ORG0069
7aaea79a-9ade-3982-a318-0a1613b9db55,ORG0070
ca1c0a76-f601-3a1c-a448-689cd3d56bb1,ORG0071
8d0f0e66-b1dc-37fd-8b4e-0dcb6b3b446e,ORG0072
b66db758-a205-3227-9cfb-bf19d2c1962d,ORG0073
b99b7849-2b53-33fb-8ce2-e3a95f17ae51,ORG0074
f6a306cf-7bd6-35f4-a6b7-2d07d273914c,ORG0075
32fcdfba-8c93-30f4-b15b-dd3b65c29deb,ORG0076
0ddb0329-b59d-3187-874c-602c649249c8,ORG0077
764bf964-6ab7-30eb-885b-3d713ca43265,ORG0078
2cf06ddc-4c55-3c91-98f1-fb0188079c27,ORG0079
d85d8f19-03ac-3ad5-957d-e8a36f7002de,ORG0080
02c936e2-3aee-38b2-88a4-81f3689b7bb7,ORG0081
5f7663da-4b19-3629-b8f2-fb07d75421d9,ORG0082
609ec9f1-e806-3427-b912-9e3b2915521d,ORG0083
5fa5e611-be3d-3ebb-8f71-124325f6005f,ORG0084
bff65303-97b4-3841-950a-1c9e9e735de0,ORG0085
bb3d48eb-0c30-34f4-8950-790fc984741b,ORG0086
bf556284-7513-3620-a10e-5393183a9a87,ORG0087
9fd71acd-3535-353d-975f-ed7dbf5f9961,ORG0088
e93b27a8-6507-3595-84a5-f899ce23a72d,ORG0089
352fd476-d328-3a61-9f9b-d2c2fbb2a233,ORG0090
2b84e56e-08b4-3078-b3ea-4d159208e065,ORG0091
05137a62-1a8f-34ff-8baf-a0c35c238ea0,ORG0092
7b9a19b2-d900-3f93-a47b-4b88491fb57b,ORG0093
4ffa4412-1493-3beb-b8f0-6614dde953a4,ORG0094
ede4a423-6258-3ef5-b5ba-0fa6bb579563,ORG0095
a14e698d-a9ba-3eae-9c8b-682ec726433d,ORG0096
69eae27b-7445-3652-bd34-b535abe0b011,ORG0097
dd9914b0-9491-3330-a890-d34e95e497ea,ORG0098
d4b9a3f0-210d-3e46-a2c7-e099658ac543,ORG0099
a247ed53-5f17-3eb5-87be-1d2257fa1579,ORG0100
4f183534-3e54-301c-b121-097faefc7bfd,ORG0101
4c1a8ea6-b690-3c28-a02e-ebd82190ee65,ORG0102
a7147477-c4dd-3018-b921-2707d7e098ee,ORG0103
5ba6765a-f335-36b0-9c6a-6bb494c5330d,ORG0104
b6eeaaf7-1683-3bcb-b6ee-81ce304636ef,ORG0105
12dc66ee-e2c7-3d5a-892e-157ff1d47f32,ORG0106
65eda534-1bdc-3192-8d02-1c3764447790,ORG0107
14932db8-e179-331d-98ad-dc1c352cb6d3,ORG0108
d613e441-68e8-3502-8adb-3f770a1276bf,ORG0109
de29a374-221b-3cb4-8051-a02c1a35e5b7,ORG0110
b0b89e26-30e3-35d4-af87-29fb529579cf,ORG0111
b03b624d-c939-3688-986d-9555b8009a3b,ORG0112
ea153d0a-9ccc-3769-9a25-934b417071b7,ORG0113
d3085315-9893-34c7-8889-3a31dc17c2b0,ORG0114
ace1ac31-036a-38fd-b451-b3b87157c717,ORG0115
469171e3-f6ec-3258-8e16-7038f6a439c0,ORG0116
18061fd5-fda8-3e2d-87f0-0f3c87211bcc,ORG0117
1faab3d1-2ae5-3110-8e5f-c65b92ca906d,ORG0118
c64c848c-0315-3115-87fa-80c360bb6a73,ORG0119
76281d34-caff-30e0-8545-bcdf33182109,ORG0120
4633340c-c833-30a3-ab0e-f5cfa5fda28b,ORG0121
7e97f720-f99d-3402-98a4-a144aaa5bd01,ORG0122
b3ada130-6443-3a8e-98c7-4ec127a2b0c4,ORG0123
a36dcb53-a762-38d4-ae84-40f46195a6dd,ORG0124
811cc811-0061-341c-a719-9ba7ef8dc699,ORG0125
d17688c1-9cc8-3e68-980f-82fe1ed685fe,ORG0126
7489f6e0-fee6-3fff-90b6-444868eb907c,ORG0127
084b19be-a78e-3626-b156-a50134fa7fe2,ORG0128
06f1d816-dd54-3409-bd94-8dc2745f807c,ORG0129
acffdfa8-1383-3929-8c99-e73969491439,ORG0130
545dcda5-7471-374e-9251-b4b685197d3c,ORG0131
45ce6eff-535b-37e2-bed3-1946200aa03f,ORG0132
43e33b67-64ac-3314-99ee-114fb2b56b80,ORG0133
1e11392b-1278-3e70-93cd-f396cbd0c265,ORG0134
fe30f2b4-9bc8-346e-afba-4455d1766545,ORG0135
00fde0ed-5951-3b9f-8413-0f25f85a8d4f,ORG0136
6cf8a214-8d57-3267-85e5-7719e15cd63e,ORG0137
13161e5b-02d2-3d19-8b48-26ef0becfc83,ORG0138
4bc0cc09-77e5-37f5-844d-64a6637cae54,ORG0139
b4e81d20-a3d6-39db-8b04-bcc4ab5de7b2,ORG0140
2fd34be1-9720-3dad-b8bd-815e173b92fb,ORG0141
0fedae9f-701f-3317-9b2f-69aea2202cdc,ORG0142
9043e647-568d-3e87-9fc0-756a416392d3,ORG0143
3e16ee4b-2dc7-3e29-ab5b-0ce980c362b1,ORG0144
733fc7d0-7cf3-3995-82ef-a9883b807273,ORG0145
86bbc3aa-e927-3d56-9d77-ab701b4b2926,ORG0146
9ab139f5-d278-31b4-b44e-feffdea65613,ORG0147
21fa25b9-6842-3a3c-bef2-2eb383ad525e,ORG0148
4b7c1695-a178-3e03-8651-51acfd3b8372,ORG0149
a3327df4-d092-350b-b551-e60c82076c9a,ORG0150
0b5f4cda-f9ae-36a8-a94c-ffbf56f45236,ORG0151
aade280a-3b90-3e48-9648-91109a964a63,ORG0152
6adc9d34-9b73-3285-abb7-56e567f1ba26,ORG0153
18764c6a-31fe-391c-80ac-6a5b761e06d6,ORG0154
df3ffcde-b9eb-3965-acdf-f56a6d1424c4,ORG0155
981338c4-287c-3621-bc45-8b0b9f1b8922,ORG0156
96e9e829-0b71-3ad3-8b41-60e25b5d47d7,ORG0157
e59fb2d5-508c-38c6-af2e-21d8216dd2b0,ORG0158
7a3b8310-02eb-3c47-aa1b-3f55b3ed9de9,ORG0159
84de2bcf-1b1a-3ce2-9f6d-9e0cb34991f6,ORG0160
ecadbc11-930c-3903-b706-f8ef4bc9089e,ORG0161
0f9d1260-db33-3483-b2b6-5483cfcb739c,ORG0162
ad007cc5-a3df-3aa7-886d-5123ab59d189,ORG0163
980d9bfa-a344-3bff-8c02-232dd0e8fd34,ORG0164
f480acd0-7ef1-350d-aae6-d8e7d53ace57,ORG0165
440fa4b8-c731-3cf5-81d9-aa3f30a37b95,ORG0166
a1434ca1-a1ac-3884-abc7-fc4c35cc8b68,ORG0167
0fab3c4e-a028-39a6-b15a-be5a88b6aa2a,ORG0168
b0016371-afcb-37a6-8f90-5e3786e7806f,ORG0169
3b021cb6-4745-3d9d-8436-230055f770bd,ORG0170
7b95b4ab-5bb6-3abc-b0e5-02689f84228d,ORG0171
86880e58-8753-3c63-b057-33781df70528,ORG0172
52261c45-f32b-3666-9da7-890705373c9d,ORG0173
aaa7ebaf-b1a0-38c1-ba89-a16712cf431c,ORG0174
ab074997-79db-3114-b6ac-5c21cda8ee3a,ORG0175
6b209cfb-56fd-31b8-895e-c936839bfa1d,ORG0176
ce53c877-0290-390a-b4b4-2462001a1713,ORG0177
34f0b10a-5e29-31de-a75e-e0bb03c0c0d4,ORG0178
e9a24be5-b0a3-3fd2-a606-dd13498024ea,ORG0179
545ea18f-060c-389b-98f8-b6943979c207,ORG0180
57e4e5fa-d68d-3caa-a5ad-37beb1b51207,ORG0181
2c1eda9d-6d75-3c4e-86f1-d850d4ccfcdf,ORG0182
195620ae-835c-3da6-8600-3bd89fe8292d,ORG0183
b20a0fe1-53b3-33fc-8acb-bc9a2df64e57,ORG0184
2befa435-3070-3350-a15c-e43ac1e84b24,ORG0185
c92cc255-6778-3307-8092-987d667be4ce,ORG0186
00ffb204-07b4-3c72-a678-fa252e6cf86c,ORG0187
ad82d624-72eb-3c7d-a76d-79f2668d1390,ORG0188
70a26106-6797-39f8-83e6-6bcf212b99ad,ORG0189
b8421363-9807-3b16-a146-95336eea5cfb,ORG0190
2d578863-d945-3e48-91c8-3912d31e5078,ORG0191
8424b5ec-ba0a-32e9-94ae-a9d397884093,ORG0192
3498e7d3-90fd-366b-bc6a-6f41dad6bae6,ORG0193
37111f41-8bc5-35d3-9cd9-5b447a11ffd1,ORG0194
68ea50ba-275f-3f6c-ad1f-0aefae7144eb,ORG0195
24460683-f514-37ef-98c1-724b2fc9aa2a,ORG0196
945104f1-4b95-3eed-bd02-5efa0afbf34d,ORG0197
3076e02a-deac-3e81-96a9-1d32cbda6fca,ORG0198
e854f053-5621-31fa-afa1-29040b0d7466,ORG0199
752c7570-1637-36cf-8b74-03ea3acfa98c,ORG0200
1563fcb4-76a9-3ea4-863d-e276f38b9b3e,ORG0201
fbd4ccdf-2fdb-3652-9bbe-1ccff886bd34,ORG0202
136e0049-9edf-355f-9d7c-aabc5c74761d,ORG0203
65f0254a-73a3-3b06-bced-54d511445535,ORG0204
901c2d40-1ca3-3879-9a20-c663b8adc0a9,ORG0205
6170552c-4d27-3e64-8068-64a380f1837d,ORG0206
e6cc6043-299a-3581-8f6b-b3b5d62c46ae,ORG0207
b9e35b8a-9831-32d8-a6dc-d7a546c126b0,ORG0208
70d5bbef-3c05-3318-b9d7-003dc8fbb8cf,ORG0209
22249c0a-8ce9-3726-a3bb-b037c773ce5c,ORG0210
18df2721-3f76-3f83-94d5-63597cedd298,ORG0211
46a09a29-4bda-3572-89dd-5def154669ed,ORG0212
b1965e0b-9ef4-3e96-bad6-cb88ea7e7324,ORG0213
38508743-50d1-3429-8fe2-37e42ddaf20e,ORG0214
2f735290-1603-31b5-b561-7c8e0d413170,ORG0215
6b2e5b97-70f6-3219-8c99-86de138e6808,ORG0216
27bf2e46-7445-35e7-9106-3ce1b074db47,ORG0217
e1818b21-4458-3b9c-b2b8-7ed6f57ae078,ORG0218
970993ce-f590-3150-9733-0e02c569b87f,ORG0219
328f813e-4de8-3ec2-a113-43f3ddfb0b2a,ORG0220
8d110f42-6f75-3751-b0c5-b45ab08333a1,ORG0221
200746fc-5d0f-3ec7-a2a9-3d9a219ee139,ORG0222
dd3307db-114c-3f11-be44-a9eef6bb3fc5,ORG0223
36d96ba1-1b43-3fda-b4b0-84205d5b3a16,ORG0224
1d87bbfa-19aa-3128-adca-420ff8d5a12a,ORG0225
f2068cee-c75c-321d-9b2c-c33535db89c9,ORG0226
66505876-04a4-3f6e-9aa8-7232ee43ab76,ORG0227
9285ca02-6788-3ae1-b1b7-3b313abbfea1,ORG0228
9b1f8cd0-2246-3f4f-82df-23ea314c7665,ORG0229
15d4c950-4691-3996-b4c4-bf06bfb58ff7,ORG0230
655f2a4f-419c-39d3-8ed6-6c4117eb7e32,ORG0231
118e081c-c2f2-35cd-b9c3-ef534f1b7830,ORG0232
5018c664-e283-30eb-932a-529d9a19b3b5,ORG0233
2e8b42f8-4300-30a9-a576-d513d1021a0a,ORG0234
0caa0116-ef9a-3d4c-bcff-9c405a9d2bda,ORG0235
5ba77f2c-8ce5-3dde-bb46-3ffcceb3bfbf,ORG0236
847ba43f-362d-3325-a095-93eb95d9dd90,ORG0237
d140ed3f-2696-3e78-bd77-1c959ec4fc4d,ORG0238
1cff30ba-b91f-3ea2-b80b-770d67856358,ORG0239
d4e48a16-0a60-3e90-81e5-c35b22ffe6af,ORG0240
a609d72c-6c90-3703-8500-02b8c9c0f6dc,ORG0241
4ff8b164-4cf5-3ab4-b0f2-7ce8fda920e5,ORG0242
f7171d7c-0d92-33cf-98dc-abd628d79750,ORG0243
d41a8965-a4fd-3c8b-92f9-b9a8e49cabf7,ORG0244
6f95a7a4-3343-3d14-b8b5-35d1e3247551,ORG0245
39c15c0f-5c49-311e-99d2-1fb99d80e06e,ORG0246
e39e92a8-2fde-314a-8fb1-8551218f03d9,ORG0247
8f22037a-070f-3fcf-8f39-fa879f0ae107,ORG0248
bccd7d67-203c-3d93-b6b0-bff5a146cd1d,ORG0249
07baae96-3d74-3c69-a845-dad7b792eb52,ORG0250
63cb4d95-04a9-3a35-b5d9-f89e0377a48d,ORG0251
6e290541-eba3-37fc-a3e2-e58f77e84c7e,ORG0252
263d1b03-1560-3fc3-b93d-c33a0cbd5837,ORG0253
32741060-a632-36de-907b-3c21caacf07a,ORG0254
4e880cb9-1ca0-3582-b8cf-8a59b0d2b878,ORG0255
a2a41caf-758f-3962-8e5f-e6e603f93d17,ORG0256
ca62a361-9c79-32d1-92cc-ffc0d5d19679,ORG0257
0d24cc89-3256-330c-b36d-d8de8babef84,ORG0258
db28cc9a-fdfb-35a6-aef7-ab9b933ef244,ORG0259
b7bec03f-a254-3059-b3f7-616d9a70d26f,ORG0260
19a65317-5d32-355e-8f82-88933d48366d,ORG0261
844a8cb2-4164-35b2-88b8-dffa2889a738,ORG0262
ee6705d5-db4a-3120-bbe1-1e72972a841f,ORG0263
a6fb79e7-4abb-3a68-b62d-e501427fdca4,ORG0264
52e42aa3-27fb-3298-a3ae-25529dfe6347,ORG0265
756ed90d-15f4-377d-b99f-ca1de5633481,ORG0266
b92c875d-5390-3cc7-9cc5-67ade724daf3,ORG0267
4e3c60e6-dbed-32c3-9b03-767d7fbc82b0,ORG0268
fcad54de-c1cb-3039-8e22-1d2d28134044,ORG0269
9d0e702d-50a0-3f4c-9126-0951d560fd4b,ORG0270
f0e3e152-0b08-3819-b962-b043f63f6dc1,ORG0271
81b1ef2b-8d3c-3923-859d-ae56099e037a,ORG0272
2fa36ef4-0a5b-358e-b76f-f4ada6c48e8b,ORG0273
ea8d287f-b3a9-3800-8798-788e334ee406,ORG0274
c7542447-e06e-32cb-b6db-243c23a0dbc2,ORG0275
d9fe2c9c-135e-3da3-8de8-1a0ff165d886,ORG0276
50c47685-8125-3c50-8311-8bd7ba9e9108,ORG0277
8bf5325a-c11b-35c4-b07d-17a5aeba8353,ORG0278
6dafa732-cdaa-37ab-a33c-b14878e841d7,ORG0279
87f3b181-1c52-3161-a15a-ea2d9a04b35f,ORG0280
43e22208-dae0-3196-b30b-17b3c50679c2,ORG0281
46375470-1e20-3ddc-8dc5-010ba53826b6,ORG0282
9d2a1656-0f4d-30d1-bc63-eb365a05529c,ORG0283
aba3e6f6-4562-342e-b90f-dd61b117f394,ORG0284
a4b91172-69e7-3895-bd89-b9a0868de5c2,ORG0285
47fb5a56-bee5-3ecd-9958-706b20831c82,ORG0286
72f50aa0-d8c9-34dc-ac58-c428323f3bcd,ORG0287
9203d0d2-ca7d-3421-9361-974402ffb561,ORG0288
3fea2678-1991-3390-b5f1-ebe38f28888b,ORG0289
ca8a919a-05f9-3687-bfb6-42800a70031e,ORG0290
b1581267-6289-3035-9c95-ddd030f098c1,ORG0291
eee00932-ca82-36bc-b7e8-e3fff6dbaeaa,ORG0292
50c7f768-9138-3dae-a67d-953bdf9ad754,ORG0293
a194e94a-dd16-347e-95ea-8d00052c14d1,ORG0294
be509ccb-bfb7-3b87-8945-8426b689ef9d,ORG0295
c0719377-d40a-3e9c-9f7c-af47c93b3f40,ORG0296
065eba51-cef7-3976-8654-ba8e7df887ce,ORG0297
a06b1a97-d6ce-3ea1-ba4a-2ef85a8114ab,ORG0298
73c7eaf8-f8b3-383f-b3e1-4d8ff5ca255d,ORG0299
71455c27-ff31-3c99-a1ac-9773f7bcba96,ORG0300
1214636f-3c27-3011-a715-3191a36a2a85,ORG0301
6873525f-1680-3ceb-b536-270d44b46e2e,ORG0302
6c7fe370-02c4-3537-8f5e-373b2168b933,ORG0303
9fbf3c5e-5f22-3b9f-9032-39d6de320874,ORG0304
f8918a95-31e8-3ac4-8d12-29ca6080ebda,ORG0305
bce5b907-584b-345d-bbcf-912cf56cb6c3,ORG0306
9cec3b3c-fe3f-344e-b9c3-e414dafcd19f,ORG0307
8d5880eb-1dd8-31ea-b7c5-21709f3bb341,ORG0308
ca9ee1b8-abeb-3b62-a017-8839fbe10847,ORG0309
0ec04450-c150-322d-b2c3-1449d672a23c,ORG0310
fd650ebc-a642-3818-b073-692473cd31f1,ORG0311
f99f149d-87f2-3900-b433-d2d87144e34e,ORG0312
3ff0f58b-7a1f-3334-9449-ff15f68b7d86,ORG0313
4e0ec952-dd08-359e-87af-b13809b955ac,ORG0314
70e3ad4f-b9ff-3f3e-9990-2cd7e23a9d1c,ORG0315
dbe1e521-57da-3855-9aa0-aabadbd17e32,ORG0316
80458ace-5754-39b0-807a-1a5b119cb5bb,ORG0317
8ddbad9e-b5fc-3895-8a1c-17f32197a865,ORG0318
9cfdd210-a2ed-34d6-9381-2f5d999011ca,ORG0319
75846b1f-d0ec-3255-9bdd-d09eb0a9dd0d,ORG0320
dbb0b9c3-e4f7-3fe9-9d53-7289f69a4211,ORG0321
7e8bd0f2-2746-355e-92ef-9473818c58a2,ORG0322
dd280187-8662-3732-af81-595d10572911,ORG0323
a6964d47-8af0-3df2-b99d-d8414eb1cfa3,ORG0324
004554b4-3068-3938-832d-fa7cbe1cd1fb,ORG0325
dae3ee01-f383-366e-9ad6-dc92963064ea,ORG0326
a7b047dd-186a-32de-8187-b0853c05aed6,ORG0327
2c708a72-2e25-36a1-8209-d2a708874eff,ORG0328
dac75bc1-cbfa-306b-9a0a-88d5edf3638d,ORG0329
b7488009-cd48-3a0d-87c4-6c47d1ceb3c8,ORG0330
744bdf85-6223-367c-b1ab-e8c8e0a5eb28,ORG0331
b7b02632-03e1-330a-aa40-fdee22899633,ORG0332
679a8e99-0f35-3eec-94ed-d8341e9fe33c,ORG0333
c6907774-d9cd-3408-b554-08b135423b40,ORG0334
63b4f233-fb49-3b1e-a17c-2d572367b131,ORG0335
f82ff162-c689-3682-876c-220cf96eb97b,ORG0336
9d989fcf-4ad9-3972-ada3-f275d967781e,ORG0337
87472bc2-7c23-37cc-8355-7f3e88614b6b,ORG0338
7a5f7ae1-8437-3f5e-b788-5c2ad57f0a0b,ORG0339
b69bccdc-5ad3-3ded-a018-3cd8f369c9d2,ORG0340
af3871c3-2098-3051-bcb7-8a919e194a16,ORG0341
542185c1-943a-30f4-aba0-0efaa92488a4,ORG0342
de32e6d9-848e-35d4-a217-e62eb5e0bc7b,ORG0343
0319f6d9-60a3-36ac-9f26-b782d7997b1c,ORG0344
a2cc09de-c1e2-3126-8c09-d49f95225281,ORG0345
9f2f60a6-87a4-3f45-b753-b63b5b7e9993,ORG0346
44cb1162-a345-3477-8723-c202a3c8cdcd,ORG0347
c5306a86-09a1-32d9-875a-67ef56e131c0,ORG0348
ab16be57-62ea-39a5-8f7a-ee1285cf6934,ORG0349
f341c366-8313-3790-ab26-d8d27b116ff5,ORG0350
0d7ef8ee-4e45-3b40-9f2b-f558dce71574,ORG0351
1de1aeee-4088-391b-af7a-95d7cfaeaf32,ORG0352
f312977e-8f41-3816-84cc-e5b12ba36955,ORG0353
0519b293-2e92-3eb3-aeef-233da0babc93,ORG0354
5c896155-eb9a-383e-9162-a43ebb7f1cc5,ORG0355
c5403c4f-14d5-3171-9227-a9b8327f3149,ORG0356
a730c5e6-a15f-3e36-8112-8579e507d330,ORG0357
4ffc4e4b-9d8d-3c30-ad84-fc9a7209da94,ORG0358
389323ef-b127-3a06-a22d-e24aef033e5d,ORG0359
bebc1dac-6c42-3225-b0ba-23278cdf2a62,ORG0360
82248deb-13cc-31b2-8764-0233e159a93a,ORG0361
5a6fa8a5-90e2-3f70-bb3e-3d9dd7ad2f96,ORG0362
ce4d0501-49eb-396a-bc56-545fdfc624b0,ORG0363
70e943de-a18b-3e03-a204-ecca2f01b6d1,ORG0364
e69e7cbb-8362-30d1-83f2-3a0c492fe2b1,ORG0365
1ef8d603-bec1-35f5-a830-2a0b919cf47f,ORG0366
154cc5db-4906-3411-8aa3-39902c6b3af2,ORG0367
d13ac855-c068-3b57-8d65-fc3c90f32558,ORG0368
9e469108-97a0-350a-b6ba-be2a286b3dcc,ORG0369
afc661fd-71d9-3fc3-adf2-3fc3b5e8a140,ORG0370
be9a14c1-72a6-3186-b199-fdb070768458,ORG0371
06cc2462-430f-3322-9c87-7e971125f510,ORG0372
479427f6-9419-3eba-b2c2-b037b4b89493,ORG0373
4932efc0-a23f-3f57-803e-554caa6ae7a8,ORG0374
0c6e2aac-bd59-351f-a144-b2a6855c50f8,ORG0375
8e1aab52-fc16-3b51-ac7b-30379ebf5630,ORG0376
759de184-595f-3131-ba20-6a412553496d,ORG0377
dfc0bac0-55a9-3f25-b0e3-78f9f586560c,ORG0378
2b3f6816-b774-3bb5-8654-915e5f712f9c,ORG0379
db106514-f254-3402-b6a4-6d210c78c7e2,ORG0380
ee7fab6f-6438-394f-b1f2-3e452f8f055a,ORG0381
79508e39-d0b0-3613-9d54-168f6e1c3a18,ORG0382
e52b37d6-60d6-354d-90f9-6e9f9eb1d209,ORG0383
907b1d2f-2bf8-31b5-abc2-14d6b75faa96,ORG0384
1ce0d1a3-b507-3ad1-afc5-b25bfe48b8dc,ORG0385
922d1031-d968-39c2-b73c-d5a495c39068,ORG0386
17512c83-b259-3632-964e-7fa864c557fd,ORG0387
65cf1d58-590c-3fc8-b68b-f429129a0f79,ORG0388
880fad59-9c38-3a21-a39f-ccc801502ab3,ORG0389
352f2e3b-0708-3eb4-9f7e-e73a685bf379,ORG0390
5b142cbe-a07c-3f6e-9780-a563644f66e2,ORG0391
49fa72da-905b-3258-b22a-06e007c74c81,ORG0392
e34d8448-8b98-3f91-9fe7-faeb8a78e1db,ORG0393
a2d45ee8-b930-3169-b612-f602961ad212,ORG0394
0fa1cab9-83c1-3c85-b7bc-53d8b922e2f7,ORG0395
817f4acb-0184-3146-9ce0-87197d8f115a,ORG0396
4887dc20-9ef6-3cc2-9c56-858388049a50,ORG0397
10ffe7b1-2f94-3f12-9288-679da05a1ec9,ORG0398
4fa643ae-1f58-3c2e-9f33-0ba56345ad10,ORG0399
e98ef46c-e94c-34bc-9cf5-134d8ddcbac5,ORG0400
fa34d205-5ac2-3ba2-80a4-bef345dc57f5,ORG0401
a73a3693-57ac-367e-b29e-f0f834cbaf66,ORG0402
fdca6c7b-03d4-3dbe-a0d6-73ea9d295a7a,ORG0403
e6d63525-40f0-3391-a58a-e6a03598911f,ORG0404
fb4a08b8-57ee-382b-b3cb-43d94f1bb4c0,ORG0405
2b97893e-dc50-378b-a266-f089b8450329,ORG0406
d0894f6b-78d7-338d-82ad-b63de4d40014,ORG0407
02661a4d-56da-3bfb-8ca0-0ecc77ba9fa6,ORG0408
310d02fb-ba0c-3b5a-9ab3-8d7bb8e7b661,ORG0409
2513c728-9d3e-376d-aedd-0f00fde719b2,ORG0410
5d1b509e-a048-357f-807e-6b863006e337,ORG0411
3d5fbf38-c781-3e04-8c7e-5a402611b7d4,ORG0412
f43f97f2-af04-3ed0-a42e-3681718cc9b2,ORG0413
fd5342f0-10c0-3f48-9c7e-7100a64db139,ORG0414
e119dcbb-0c33-3ec1-bf97-5f477799e5cb,ORG0415
03c5769d-b185-35ee-b563-9e651cff95bc,ORG0416
f202fe9c-c1dd-30d5-805e-6a26904dbbce,ORG0417
9ed61c49-1d0c-3774-b528-d75b50938fe2,ORG0418
7ac466c6-7968-33fd-882c-6d5418f88c8a,ORG0419
2f67494e-f17e-3248-ba68-3ca42913cca1,ORG0420
0d19a52f-6f9b-32aa-9aad-6b7027cc668e,ORG0421
326bc5bc-8da8-3337-a76a-7d44202dae3d,ORG0422
88975fd9-b47e-3af6-af78-c58e1ecf0d5e,ORG0423
15c0c270-968e-3651-8afe-e162149e5e3e,ORG0424
46e66051-c061-3c31-b439-1d71df92db1c,ORG0425
52efa2e5-007f-3396-a83a-28ca015f0595,ORG0426
eb7b9a53-ce15-3de6-85b9-4aa4e3f26bac,ORG0427
19439108-9835-38fe-8ee2-1226a355cfba,ORG0428
cf3467b5-7d92-3bbc-b7c1-358e4a12cccf,ORG0429
fd938c9f-a355-3ec7-96f8-516240ea1ba2,ORG0430
b5789b71-fc8e-3b7e-9eb2-3fc577943117,ORG0431
0506a7b9-05cd-32d6-a687-7589e67f8587,ORG0432
edd58f69-ad5f-346b-b1f9-530ccdc895f6,ORG0433
94ac48ba-e215-3ab9-ba88-a0b926d29cef,ORG0434
0334ad53-5d57-384e-a411-63b075139c06,ORG0435
069b90f9-309b-35e4-b990-d1dbacb962cc,ORG0436
b3f4de6b-901d-3856-ba81-35dc48a63d17,ORG0437
4ba48ef6-19f2-3177-bfaf-096daaebf26a,ORG0438
d087a353-12da-3785-b121-fb1291f8a721,ORG0439
aaa0fec8-a112-35c1-81d8-20cba5d2d00e,ORG0440
e5ce3b83-f5e6-308d-aa64-82539fc2d906,ORG0441
90044527-f49c-3399-b978-7f64914e8f5e,ORG0442
2c2e6afc-9578-3ba5-bb12-eed97d3a823b,ORG0443
f438b8e0-d856-328a-b193-2b014fc4cb97,ORG0444
a2047ff6-62f2-34d7-beb9-7e164d989c75,ORG0445
936ceb96-2b12-371f-aa68-ee02a9c06f4c,ORG0446
5d0d1d11-dd8a-3d28-b029-93062b6798a5,ORG0447
dfcd78f1-f67e-321d-84e3-f658c482c474,ORG0448
5818ce99-2a75-34ef-9cc7-e6cbf3b93ddb,ORG0449
686dbc4c-72c6-37b9-a8a8-46839da327a2,ORG0450
51759ecf-0948-3f61-b8fc-09dd8f2b90a1,ORG0451
a855314b-4fb5-37fc-8015-5caa96c928b1,ORG0452
48a6d3ab-50ef-349e-8945-2558a78f378e,ORG0453
0a8a4b11-d0b8-3cd2-92cd-983de5189cfa,ORG0454
cabc0f0d-dcca-34a2-bc6b-519ed1cc7f74,ORG0455
d3fe08e0-6fdc-36bc-8f88-c8b7654cdcd8,ORG0456
d94fe085-4c7b-36c9-a255-3f700d402d36,ORG0457
335fe080-43f9-3219-84bd-031c4fcfe9d5,ORG0458
7b7ce654-a413-37d1-9d34-97240c0ac580,ORG0459
93bf4a6b-8fb3-3a1e-9be6-4958736f2bfb,ORG0460
95b01a7c-e16a-37d4-b354-c404baa00203,ORG0461
929528f5-8239-36c7-aacb-39424ede9cc5,ORG0462
f1c6e386-ed52-3f97-a2b0-4e21ad2d0966,ORG0463
7b20d1c4-c56b-3647-801c-5e4e13679073,ORG0464
880c8804-deb0-35b0-9132-06950118b8b3,ORG0465
df852cb2-9fe0-3c90-87ac-46e5f980ee3b,ORG0466
281525ef-5743-34a8-9339-66c8b4be6668,ORG0467
2399f9b0-28d7-3355-ae52-474326a3b021,ORG0468
3e97ce4f-3ad7-3cea-883f-e2bb4ca89d83,ORG0469
e982819a-87b3-3124-a0f2-85f8afcc7731,ORG0470
c60fc3df-9dbd-3f31-a456-41c84490266f,ORG0471
46daa26f-fda5-38a9-9c45-fda430d28fa6,ORG0472
c0132cf6-1703-3aad-89b4-cc2f2bbc123e,ORG0473
d5920b72-ac1a-3ec4-81ca-e3b75cb7aadd,ORG0474
4f59f709-8b84-3d27-a04b-c6b7b5544413,ORG0475
c4e5b33c-17b8-3f51-a8ba-a327d54e642a,ORG0476
36d328a2-68bb-3967-a9bf-00897a7c945f,ORG0477
5225cc87-6a30-303c-a882-5f001cee7f0e,ORG0478
6d6ef57e-b2ce-3a69-bacf-4305c51834b0,ORG0479
c25911bc-3240-358a-86ce-5f45bb8f0c53,ORG0480
a9f0c80c-2cc2-31ea-9ead-d13d373a6fe4,ORG0481
552ede7f-2ba4-39ef-9217-29d27b89b8a7,ORG0482
a079d416-e8fe-3286-8ef3-6d289d7b5ad9,ORG0483
79d49935-bcc0-36ca-920b-45365c367438,ORG0484
0f2c58ec-5323-3c0f-9bdf-af0df7eb2a2b,ORG0485
666c3e81-2ec6-3bff-9dcc-a704edd86960,ORG0486
680532c8-2661-3b39-875a-b6ec0746ccf5,ORG0487
cc400ddc-c38d-3604-8d89-cea21555719f,ORG0488
51370692-6296-3150-8672-559fc73f964f,ORG0489
10dcd91e-6eda-385b-bafb-d5e1ae92dc34,ORG0490
362cc3af-dcb0-31d0-a2be-a5ba9d016aeb,ORG0491
cdc87240-38e9-36f8-959b-706642e01e11,ORG0492
c6b019eb-28ec-36f6-abf3-bcc4d1d58966,ORG0493
b5b380d2-df21-3389-abf0-08551c7e1f2d,ORG0494
31e00f85-6909-3d9f-afc6-5ae507ab0c06,ORG0495
dd8f40be-2c90-347a-abf6-c07a5ad4148f,ORG0496
06376cbe-4880-384b-b459-7ce3eef36ced,ORG0497
b3312a2d-37e9-35a8-b50d-6c165c437baa,ORG0498
b6717471-7f78-32c4-b1c5-e3a6310553d7,ORG0499
2836d9ac-c6a6-39d1-8f13-fdf0fc8928f4,ORG0500
a2f8d8fe-665e-390f-8b9b-efdc0b14a77c,ORG0501
126b88f5-592a-3099-a433-c8b933f96d04,ORG0502
7dddc0c2-9f1d-3e4e-b2f2-fc7e6abbed31,ORG0503
82c72223-f521-3a34-9b9b-4ff366365399,ORG0504
470e2fc6-33df-31c6-a448-ac918dcc19d9,ORG0505
b1cbaecc-a62b-3f8f-8791-e090f947a41c,ORG0506
15e26ce3-9006-3ce2-9327-493180a15ec1,ORG0507
b5e6f1bd-c744-3556-9775-5ff8399eea33,ORG0508
7c625dc4-2593-31eb-95fd-6a912832b8bb,ORG0509
f22bc2ac-f8bd-3f9f-9a40-93db37639d3f,ORG0510
04b252db-4231-3cb5-963d-6f096fb4b97c,ORG0511
83579123-f29c-39b8-9f5f-8f79e91683c7,ORG0512
a94f4f6e-88ad-39ff-a935-dc87f13327b1,ORG0513
94f6a3ae-7d8d-3cbc-a788-e400732da7e5,ORG0514
4bde4cbc-55f7-3501-90eb-2c88178c7be1,ORG0515
adf66683-c158-3efa-8e6c-7b2a273aa4ba,ORG0516
e2eab39c-5195-34aa-b35f-e89e37cfed01,ORG0517
4fa8411f-42f8-3353-8947-bf15254c9dee,ORG0518
21989e2e-249c-3b79-acf0-240211e16b4b,ORG0519
a977feef-f585-3fa8-8deb-7e60fc2cab30,ORG0520
b411fd60-9bd5-30f1-99b4-c24a409964a1,ORG0521
73158a24-c079-3fb1-800a-2d7e26d9c566,ORG0522
22b57e3f-4143-33e6-abb9-e6ff074f1c46,ORG0523
1de7e7d9-9a7a-3a3f-bf4c-b4de450711f2,ORG0524
940d491c-ad61-3bd3-9054-d6d884280934,ORG0525
7e4a295e-51a9-3064-8f00-b10e1eec7f38,ORG0526
f52777bd-7313-3b27-8dd5-cd3f87bd3275,ORG0527
df3f566c-97e5-31ed-b0fe-4b452666f736,ORG0528
05cc5056-7af4-3afb-9a5a-d7a1c23a2509,ORG0529
4705a8fd-19cd-32c1-8b3e-34bcfe84d0bd,ORG0530
f5ccbb53-e4a0-32e5-a693-02150497a8f4,ORG0531
497f39dd-280e-3d58-af5b-c5e3a3a09b10,ORG0532
f2a6c4f7-f5b2-361a-95c4-3d635b352a46,ORG0533
54937333-e7d6-3b48-a8dd-cf60aa38d206,ORG0534
b0762027-dc86-335b-8310-f4f031c1caca,ORG0535
eaaf102d-0188-3a69-a751-030645e2a7b0,ORG0536
578b56de-fe9c-32e1-aea4-876f8bc01e9c,ORG0537
5608c6ae-1f1d-368e-8172-aea4d9d2aefd,ORG0538
0d7fd824-1c7b-3f8b-a662-f6c2005e82e1,ORG0539
ed0c5b98-dc8a-3fc9-9856-61f1a1c75b11,ORG0540
a525d084-5a8f-3859-a048-2130a4092ec8,ORG0541
accb8cdd-6560-3fef-b0a6-f12c3295026a,ORG0542
792f1ce2-3420-3f91-bd8c-ce680ef4c5d2,ORG0543
6618f4ef-656a-347f-b61e-ed4d6c21763a,ORG0544
83445caa-116b-3a1e-a75e-8104d321c4c3,ORG0545
7445ae34-b648-3d3a-b8cf-0eb630061b6e,ORG0546
a2df2aea-9c53-31f4-baea-02ea5ea1e553,ORG0547
390a2aa4-70b4-3a64-a12f-9bd777834c8d,ORG0548
d0e8679a-02c2-31bb-9d6f-4073835a6b1e,ORG0549
18a96051-91f4-3cba-af96-056ea14dfee0,ORG0550
c5d5a544-0277-342f-8422-d30848a82438,ORG0551
c2e93fb4-abf2-3210-b6ec-4d1ecb2b76f0,ORG0552
e1d085f0-8179-3ead-89e0-55e21a2f1649,ORG0553
1ab2b5f9-cb95-3236-beec-9b9d4a407c61,ORG0554
07ae483b-b351-3add-8b05-afba832b88ea,ORG0555
af529652-1184-30c0-a3a4-501704d8f27f,ORG0556
b5d7a9c3-9232-3f0e-a707-9aba443ca12f,ORG0557
a43fd704-ddbc-3f63-b3a0-e97c5d42ab5e,ORG0558
aebbaa5c-2d54-3002-8042-83f6513ccbd2,ORG0559
1bed5229-19d7-3168-94a2-f1f2abb00270,ORG0560
41e2a44c-477c-3511-96f9-12c476aa3b6a,ORG0561
f00601d0-d49e-30ed-bc3e-314379f2103e,ORG0562
08a245b0-5f91-323e-a467-5df39c62fb75,ORG0563
9d41e4fc-9507-3ddb-82ad-966046fca031,ORG0564
71a1e089-024e-3255-a536-9204586fa4fc,ORG0565
5b0cd0a0-f277-3a66-bee6-d64b5be4a3f5,ORG0566
79a06fd6-9f2b-35e3-9b11-0bc5ff89e17c,ORG0567
fbc9efe8-4c66-37e5-9079-2015a5e6dd85,ORG0568
d2ff60c8-34c8-359e-a9c5-e4f3da28b330,ORG0569
f5b88e0f-3f0a-3400-b56f-26247e2a35ac,ORG0570
4956f573-3dc2-3a67-9692-2f57451744e6,ORG0571
69195f53-626c-3031-b4de-d0b206f75d8c,ORG0572
b44955d1-f0e2-3beb-a013-708a81dbe430,ORG0573
363631be-d437-3548-98c2-d10b909c1721,ORG0574
60e897f9-7491-3610-81e5-d44b3d36b8c4,ORG0575
c1986c0c-f756-3596-8f90-08adacf220fe,ORG0576
ad2dab07-4f85-3950-baaa-7c7cd2aa770c,ORG0577
18b1bb7e-2f93-3253-a7ae-d19c13ffeaa1,ORG0578
67d2f85b-ddc7-3ed0-b90b-6fa5b7b8358a,ORG0579
78eb7e47-26d6-37d4-8e01-5eabfc9d068f,ORG0580
1d45436f-15a9-326e-a452-2e9ffc9fc5e5,ORG0581
a69c3469-9552-3474-9928-20350c16191b,ORG0582
ce89d7ed-54eb-3eae-881a-15df8e631c47,ORG0583
0d9b0d22-585e-3fd8-ab02-26b5be7915d1,ORG0584
e4dbbb2f-5a51-341d-b5a5-dd91b968b217,ORG0585
d3335d07-2a2c-35d7-9b87-c022393b6793,ORG0586
0d1570ab-371c-3898-9397-95905d8c5166,ORG0587
1853aeef-5897-326a-80d6-aa4b0459eb6d,ORG0588
4b7e26e6-e5b1-38c9-b4ac-fde9a0f93177,ORG0589
93552c27-f173-385f-8849-ee56c25f638b,ORG0590
f3030ee3-dfa5-3595-b684-9769e52a580a,ORG0591
94dda4e1-7476-367a-b1f8-37ea7f61a1b7,ORG0592
01bb7b5c-f850-3c4e-a3f1-442d8273559a,ORG0593
bdaa3017-130e-34e9-b3ac-ca6d992e8b50,ORG0594
22fa6d28-92b6-3446-a388-f5aba50debaf,ORG0595
8a87ef73-eaa2-340a-bec5-c3cef01ef836,ORG0596
2ca615f3-87f7-3283-a447-d919a883b676,ORG0597
c0a33465-d309-3d2a-932e-9d554a7cc19c,ORG0598
0583e4f7-f1c2-3100-8e0c-d0decc7ef261,ORG0599
ce81052f-7c77-3cd7-8c30-930339a79ceb,ORG0600
689f8809-c101-38db-b3c9-580b4c37f268,ORG0601
7f32dd7d-5c35-3ddb-839b-8fbbb930d412,ORG0602
65bd3883-56ee-3eea-8e86-b7e677a30727,ORG0603
51d38e67-9350-39b8-bbb3-91cc879ae415,ORG0604
80646050-1c76-3046-bbc8-fd5f0b7c34e6,ORG0605
0a689d33-2b0d-3942-8de8-e28812e91c69,ORG0606
cac6f8b3-eafd-31b3-9fa3-8015752ccc2c,ORG0607
e02d9c87-52cb-3f3c-9f97-fe95f260c437,ORG0608
6e517750-a29e-3170-a02b-5733ff523458,ORG0609
7b1b5168-1ee7-3bff-ba75-d36a229d5e64,ORG0610
d36eba4a-0dfb-3a26-b9fe-eb74594bbe3c,ORG0611
bb867d36-0c8d-33b4-b19c-a8c026655b6c,ORG0612
1b3fe590-8793-3f08-865d-01fc425a84d4,ORG0613
0be0e035-8dad-387e-bbdd-a5a469c4311f,ORG0614
3f12ebb4-e03c-3453-88d2-4fc9682383df,ORG0615
a9fc7aa5-d3b3-314d-9cf7-af29051d3dd9,ORG0616
477c3c1a-ba1a-3102-8a91-56624ba236e4,ORG0617
9c9d017c-0a4d-3e03-9802-4d310ea05c71,ORG0618
8ec2ca51-abb4-35dd-b90f-6c6aad6d2124,ORG0619
ea468462-3080-302e-b405-9127a396c310,ORG0620
8af3b144-0e1a-3c90-937d-81a4ed026080,ORG0621
9fdce5d5-d4d0-3156-a8d5-8757bfe4e9b3,ORG0622
86f41096-d81f-3e26-b770-b26adc017d3e,ORG0623
a35fd733-dc1a-33f0-a308-292ff5581287,ORG0624
b014aec7-7bd8-351f-8808-3e280cbc5be6,ORG0625
5cf11f0d-eea6-39bb-b83a-bd99e4259b83,ORG0626
b3b56527-d366-3353-bca9-266a12f23051,ORG0627
f1664435-2eca-3eff-bd1a-13701e7ad1bd,ORG0628
125eccb3-d003-34ea-9bd8-360dff059782,ORG0629
c5742266-625d-3824-9ed3-4b5c6bc3e296,ORG0630
68027854-a51a-324b-8f20-2da7be608ebf,ORG0631
52323856-2b6a-3c09-8277-7d4ff9cb325a,ORG0632
b242f971-3c74-3778-b148-81366c1e6a3f,ORG0633
e8d0fea4-45cb-32d3-8798-0fe6156c4409,ORG0634
b93ffa11-ffab-3fe0-8c28-657817801192,ORG0635
e5b9db6a-8dd8-3622-b9ce-3dc593e111d1,ORG0636
36c8b677-a6ce-3266-b71e-ed86d778d0fa,ORG0637
e92dad8b-f485-315a-8fc4-1d7adfdc9c00,ORG0638
6929d249-cc27-33aa-a871-b6f26059615d,ORG0639
aad05540-c9cb-3805-b3c4-f9b9d9b42b2e,ORG0640
1aa9084e-2b86-3d6e-93ab-dbe6d4dda601,ORG0641
2e73956a-942f-36f3-b88c-f88e782e578f,ORG0642
2987ddf5-7ff2-3e4a-9e25-d654a10313fd,ORG0643
ce3b504c-f15c-3bcf-ba6e-dcb551cc7d7f,ORG0644
eea92149-820f-301f-911e-b170e8312842,ORG0645
19a3afba-b409-3650-a0ab-f3faf6e391ef,ORG0646
0e9d0119-1157-35a0-8bb5-7e0aa3041928,ORG0647
5de0661c-5943-365b-93c7-8ab84e1df09c,ORG0648
76b7dbb5-0a02-32a4-9a01-3511f7e45016,ORG0649
83a08dcf-7ed6-3d2e-afc0-a72c05d2563c,ORG0650
562176c7-c337-3bd1-b8f4-89853772589b,ORG0651
b826cbda-f69b-32d0-9e6e-edcb80f692bb,ORG0652
25c85bcc-7e25-36bc-89e8-08e0d473db23,ORG0653
b90ee64e-4559-32db-97d7-0341740a71f1,ORG0654
eb9188f8-3f7a-3794-a349-94f88f7ff41c,ORG0655
d9b71ccf-6649-3555-9e99-44eac0af257f,ORG0656
c4ac39af-31c3-3e1b-bd95-faa239bce600,ORG0657
7348f15f-ec3d-3aef-821a-8de550c90f26,ORG0658
81991e0d-8034-36c8-be5c-624b44cb67de,ORG0659
5876b638-1603-348c-86ef-9c708bd240dd,ORG0660
e68de1a0-767e-3466-b9a6-43948ee073d3,ORG0661
2fb77691-5353-358a-bc94-90af77dd654b,ORG0662
ede8251b-e165-3ef6-b8a0-305217ba8e88,ORG0663
f002fb4c-544a-3139-b3f1-439864d5474a,ORG0664
d6c165ec-d9ca-35a5-9bc8-2061cbfb83a2,ORG0665
cbebae9e-f95e-3d2c-9712-289ea8d6aeec,ORG0666
1cec4304-9757-3a10-ad4f-7e2090c56131,ORG0667
82ed13dd-9643-31e1-a56c-ff9a28a9d671,ORG0668
5862e05c-9533-3f7a-8f73-215d50f5ee2f,ORG0669
ec7e487e-7e78-3eac-a9ee-37f8de98a0f9,ORG0670
ad482681-b4c4-3fce-ac59-78c83d31b0ba,ORG0671
a8f1424c-00bc-3403-8db5-cd600978f3a4,ORG0672
411f14a5-de79-3e08-81d6-301270cc2275,ORG0673
471f7ca2-38f8-3080-8109-187c73ec0b1f,ORG0674
a5577e5c-b886-37a0-8eee-8ff6feb7ea6b,ORG0675
20df65a4-7567-3066-b680-0f71b0c31d38,ORG0676
5581e43d-0463-3a0b-afc7-a60aea5ac96c,ORG0677
7dcab1ad-0e13-3700-9eb0-70767c5e2b55,ORG0678
ce9c1582-994d-32bf-835c-474a249d2804,ORG0679
b4064f5c-4729-31ef-a5b1-5343474c9520,ORG0680
9485907a-9f9c-3c19-a424-b402ee8f99c2,ORG0681
6ea4d3d6-d820-387a-a3d1-ed5944ad47a2,ORG0682
e7722de2-0e62-3dc9-a163-a7003956673b,ORG0683
c630c98b-cbfb-3260-a984-4bbf511de98d,ORG0684
9b8a7a25-b923-3710-9f3c-d42919a3f54f,ORG0685
62b55e5b-b58f-354d-8f2d-f2a330bc619e,ORG0686
be8fdb3e-0f3e-3b1b-a35a-795d9800f060,ORG0687
966245ce-e84d-36b0-a838-2e0b5bb2e668,ORG0688
58d6127e-ee48-37c3-9f2d-dcd3c050fb25,ORG0689
b9a91cbd-3263-31d9-9cff-55873cf8b2e2,ORG0690
b574fc4f-313c-38a4-9baf-7e12e431a499,ORG0691
9dbd44ba-59b2-3d1d-ac91-3880af8081d2,ORG0692
af45b6a5-7289-300a-8e98-afa85eefd92e,ORG0693
2bde75a8-708f-3930-8d57-100ab365d413,ORG0694
35eba9db-902f-32e6-b302-0e5ef8fa5c68,ORG0695
b7866c75-5e56-36b0-b9c5-c63051677b69,ORG0696
9656a864-3b93-356f-9fa6-d7988e249977,ORG0697
3465062e-288a-395c-abbe-2813f9c7b8a1,ORG0698
4eddfa13-f996-3048-9bbc-541b0a29038a,ORG0699
845fbd9b-2d1c-39a8-8261-28ae40e4fab2,ORG0700
946ec45f-5c4a-361f-b158-927144864133,ORG0701
bac9dc0c-cb0f-3fa6-aa12-819dd0fb922a,ORG0702
84d5768f-3a21-3da9-aad2-bbf7a3ae2700,ORG0703
9ce6072b-d039-3cde-8eaf-950211b8ae88,ORG0704
2576629d-4a1a-3a63-8c08-779cbd8ef98b,ORG0705
af8566eb-8918-3ec7-ba44-92b6a2cf8097,ORG0706
d4a03501-69f6-3a89-ac27-ed25976fdb6f,ORG0707
d1d4d104-68cb-356b-9086-888de7d2826f,ORG0708
ecd3b321-0a8a-3ce6-81f0-982dd77fce43,ORG0709
eb2596c3-8814-3add-8516-474214bf5c62,ORG0710
c762a0ef-bfba-3261-b90c-4059f7bcc87d,ORG0711
42c13743-f36f-370a-a5ca-3e3c9795e02d,ORG0712
058176fd-cbb0-328b-8411-c19f5045032d,ORG0713
a036cdf2-bbc5-3ffd-987f-56e437fd8b74,ORG0714
03d7ee12-bdfe-3e48-9d29-757eb6f01ad0,ORG0715
2fbb592e-2154-3a4d-856e-467d7ba5bed7,ORG0716
4f5e8f16-a31b-3071-8556-d7188ede313d,ORG0717
69cb2157-b620-3c51-9c94-f516462d2d55,ORG0718
ae3eab22-8868-37bb-9a59-2b8bfe14bf34,ORG0719
615416de-5217-3c11-9828-2d4bacd1d9cb,ORG0720
218e58e4-9642-3ebd-9b39-34d15f22c620,ORG0721
9a20d707-68e4-32c0-b2b2-2f5d5c2012cd,ORG0722
f90ef475-defe-363d-a926-573b38f804a2,ORG0723
071a898d-3535-39fd-bf61-d33301aacd04,ORG0724
41f66e18-8eb7-32f2-9371-7df5bf2b8d21,ORG0725
a25107f7-f4f5-36fc-98e4-f3e1b5875c91,ORG0726
0e6c3ad1-24c1-34cb-bb6d-e8438fa319e2,ORG0727
b4ca31a9-9d34-3ea1-93c4-443941622304,ORG0728
3662bcd2-07cc-364c-bd86-161bb738aacf,ORG0729
4f9dd195-07b8-3a81-8b7a-58852a0e6cdf,ORG0730
43ee6bb5-8efa-3bfc-8ca8-1579a5267753,ORG0731
3695125c-c052-3ece-898a-2a6448987ae5,ORG0732
45db4ed7-a93e-3946-9c31-b567ca373de6,ORG0733
63b93742-6c13-3309-92b6-f7c858e9f320,ORG0734
bdd9ad72-443a-3563-a626-4c45f6d058b2,ORG0735
05fcf001-ab24-3d7d-85f7-f64942d82738,ORG0736
8789c07e-d15d-378d-ba2b-d2b49ebb6db4,ORG0737
7e6db51f-7c1b-3555-9e1c-6269ba6d704d,ORG0738
83769f98-fff3-3535-8781-6ace5957136f,ORG0739
e87cda4c-1ad8-3a9e-b55f-7bfe987610ce,ORG0740
b7f2e542-f3b6-3f5e-9aed-511ff6f0ee56,ORG0741
b529b631-551f-3344-82e4-c58c8b3b1716,ORG0742
e7b77e8f-b607-3273-aef9-ad1bca48813f,ORG0743
05cd3fbb-08ce-38bf-b680-721a3e902d43,ORG0744
0e3a24c3-b772-3059-b3fd-8a4710068a82,ORG0745
28d71598-85eb-3a0e-90c1-22e0be1af57c,ORG0746
f68ebf98-ba5b-35af-b2bd-da56cc5b13be,ORG0747
7d43f2a3-b6a3-3613-bae4-3b8b869e79e3,ORG0748
b8d40f5c-9e4d-3639-89ef-8bf375cb3184,ORG0749
a537b406-fdfa-36b4-84da-12512e7e6c63,ORG0750
e96bc963-a050-3502-955f-7fd274ea5fde,ORG0751
f5c6acf1-d209-3ba2-9fec-f70dda7001f0,ORG0752
40d5ac54-6e92-353d-8bce-63afb7e8fb0b,ORG0753
e5d50afe-8c7d-35f5-96f5-fb8941403b0f,ORG0754
7baecfbc-ac9c-3f96-9db7-6453ab224b73,ORG0755
8dcaef28-eeff-348a-b5f6-cc14f3cf5ec8,ORG0756
9adfae03-673d-365d-9052-f705098fa3e4,ORG0757
48a07866-e8d7-3268-aa3c-ca3237c8e6f3,ORG0758
9f85a8c8-007c-3490-a7b7-4a0324c13307,ORG0759
25431f9a-00e4-36d8-9810-4125328eec50,ORG0760
029b3003-b21a-30e7-b84e-0063558fc04b,ORG0761
a130ed39-d3a2-3b2a-91fe-0c14f5e26eb2,ORG0762
89171335-b9c0-3326-98d6-a837d432b9fd,ORG0763
7cd7fc5c-3fa7-3b6e-b3c9-0dbaec2a3470,ORG0764
15d0e449-642a-3d9e-8629-16c7e4a9e4b4,ORG0765
c1a85a41-6758-3edc-95ec-238b8ac72a40,ORG0766
01bde980-bf89-3138-8912-7360dff33247,ORG0767
979d5316-97f4-335d-af9d-d0afba85dc6a,ORG0768
1484fc69-2eb0-3bba-8656-d5ead4973895,ORG0769
d0534259-63f4-3e61-b66f-dff6d6f655f1,ORG0770
217cb6f6-e822-3831-9d9d-ffa104971042,ORG0771
8a6e21d0-da20-3378-8176-4e5ad2b51983,ORG0772
4e56c7ec-99e5-3023-8e4f-95ad18a03f06,ORG0773
e2a8b444-9b8f-36ff-84c4-05ee98589482,ORG0774
65dac97b-bb0c-38ae-94bc-bf29ac9687ea,ORG0775
71f4c23f-7559-31ff-8f42-a672e80b85a2,ORG0776
fe8b229b-11c7-31c9-994a-98321748fd2e,ORG0777
9f061925-3642-3352-815e-8c3b2fcfbfaa,ORG0778
05f80ed8-6a7a-3728-8b5c-c5c995c8244a,ORG0779
e0cc7e8e-e1a4-3a02-b589-0a35741d39fe,ORG0780
3517aff1-b163-3cd5-8fff-19710fcdc1b7,ORG0781
18d2c9c2-4b92-3664-9b8e-419aff3ce942,ORG0782
121b0ad1-1beb-3caa-9271-3d3f726bb727,ORG0783
43f37d29-0bcb-3d84-b9c0-9ee4f2485ff2,ORG0784
db60692f-cbef-315b-9fce-38a7f015c482,ORG0785
883f57b8-89c6-3dc4-b6da-047705c88623,ORG0786
9ba25035-53e5-344b-9b9e-94331a58d1d4,ORG0787
0a2252ba-33de-322f-8f0a-e5b0141f1780,ORG0788
f3a64526-e8aa-36bb-ac9a-4a6b9fd7d0f6,ORG0789
4f029aea-a3f7-3429-a477-45cfe183c3f9,ORG0790
f539dc91-4c3b-3c46-be61-7f10b6eb8471,ORG0791
f6ba791e-fe68-3596-bef4-60751db6a60e,ORG0792
2fc3d86d-4194-3ad1-bb8a-99d5d34119a1,ORG0793
e1892a2c-6dca-3c4c-93b7-0e00a9eb8b61,ORG0794
67cade01-dcfe-37b7-8e2c-b712d9e6fbba,ORG0795
11a40a26-a5a3-331d-aef0-d06dd90e2b4e,ORG0796
b954c464-11ea-312b-a3f8-1350775bfa54,ORG0797
9f368e75-397f-3d77-a317-9a005512a4e2,ORG0798
0dfa7ab2-4acc-360c-ab55-beb8e38a8c1d,ORG0799
4d3ec6c2-f6aa-3d7b-adcc-e7107dac8530,ORG0800
7cb70963-6f86-3eab-a12b-88deb31de793,ORG0801
95f6c328-96dd-3fb8-a56e-9aad566094b4,ORG0802
485ae27b-c5ba-3fd0-9a16-c9eea20be185,ORG0803
19f958ef-57cf-33c1-b068-14b32a980813,ORG0804
da2e8443-a0d6-3e87-b651-e2697615f4b5,ORG0805
47602b5b-f4aa-3c73-aa26-2268ccf7a83c,ORG0806
035b7574-2fec-3922-8b57-2388164422e6,ORG0807
6d16a8e3-3569-38ab-afac-a2f8c1125085,ORG0808
486bf543-9696-3d51-aa70-28a3044ce490,ORG0809
528231d3-78b8-39ec-a3d0-fea14af9462a,ORG0810
91808f17-7583-32a3-aa55-23b131b327c7,ORG0811
587f07bd-7d69-3291-9aea-abef74f30045,ORG0812
76baa51d-0d0f-359d-a07b-7b999a43d42e,ORG0813
02d7b144-352f-3eac-97db-6fc4a95bf1fa,ORG0814
53f086de-2fc7-3d35-92c2-aca4ed944e7f,ORG0815
44fc48e3-3fcf-3cea-b879-18d33cd93486,ORG0816
20f63278-6709-3195-b767-782d2a10bd5c,ORG0817
b636c344-0fda-3eea-96cf-1190f8d1d8fc,ORG0818
6c71cd3b-4f9d-3de3-ad76-5e21f00c7ddd,ORG0819
de2ceae4-ddad-3174-9a1b-f32ea37e53f8,ORG0820
c709c5eb-ddd7-3778-84f7-0931a4d1c718,ORG0821
8d81bd8c-ad6c-37f7-95c9-75fd3de24e86,ORG0822
c05d73d0-b348-32ce-9fe5-13a720950f37,ORG0823
c0cc8f8d-a479-3f83-9e1f-1fd556b944ef,ORG0824
ac0fde88-b0ad-3388-a4a8-b8fc2a4f4af2,ORG0825
0e061004-bcc0-3e99-a237-d700823e817b,ORG0826
d51d98bc-ef4c-363b-8450-c01537258b11,ORG0827
d70d47dc-b40c-3a04-8342-35cbfe716409,ORG0828
de3cc142-803a-3ed4-8945-75ec88a84784,ORG0829
047f6113-bd42-353b-8368-cf2352868915,ORG0830
0592d4e5-a0fb-3143-83cd-8e5a6b066a96,ORG0831
c67ca7ed-4769-3b6c-a0a9-993f1227ff10,ORG0832
6b9c5830-a278-38ff-887f-ccefd74cf8e8,ORG0833
7b5bf0fc-c5c0-3f22-980b-fdfff326a9b4,ORG0834
ba07b31b-bf14-39b8-be95-4c5ca5062daa,ORG0835
064ba8c8-f6f7-3582-8f41-c963ceedfee4,ORG0836
6aae7a31-90df-3455-ad8d-81f8cf2d21e8,ORG0837
14036728-b721-3e4b-8755-8ee8ab6ed15e,ORG0838
104079d4-560e-3eb8-9a48-d495835a3997,ORG0839
