OLD_PATIENT_ID,PATIENT_ID
2d2d4810-0860-1da9-eb55-ad5ab4aa1a4e,PAT000001
4c78483e-093e-51df-606a-ddebe85e2d68,PAT000002
05b921b3-fa6d-117d-7081-3caece8fab00,PAT000003
7b6dc9ab-ebc1-021b-9a75-6ab26448cb1b,PAT000004
dc8f6a8b-da8d-2f92-dc0e-f3ecf585cc81,PAT000005
b1a47522-6b92-25c7-7cc3-eb8dc9004350,PAT000006
4c16417c-dbcc-ffd8-c907-e9942d14d182,PAT000007
833a7a26-5afb-57e4-5f7c-fd97b56fe0a3,PAT000008
77541da9-16b4-92be-bdf6-e153de2577e4,PAT000009
198e15db-b5c5-7a39-2115-810bbdf06e3d,PAT000010
1cb71093-f8c2-090e-9086-f3d62a890107,PAT000011
59bfa007-d6a9-ee31-227c-be7518e92a04,PAT000012
40a483b9-1c92-ca29-2a5c-ebf32cafd6e0,PAT000013
1be77fd0-5c78-a150-8f3b-de1f24f6ef7e,PAT000014
e2a562d2-57cd-7fbd-0803-5791433b3bca,PAT000015
5247c975-7955-38fd-a6fe-ef4bf4bed8cb,PAT000016
323977bd-8332-f49f-cef0-7e44d58f05b9,PAT000017
f05a1d6e-b374-4649-dbc4-9a5b35c66e16,PAT000018
be150d52-1f83-4f93-849f-8d0fd22b09f0,PAT000019
30498630-736d-c746-d607-b460bec353f5,PAT000020
0f0d00be-4610-1180-b4e4-16096c036f96,PAT000021
c52450aa-738b-3726-3ab1-8f3184864536,PAT000022
cb1ddc48-ce11-b388-1e2f-8916741e8242,PAT000023
10efa096-f5ac-e00a-5472-012f914ac4df,PAT000024
c73fa1d5-2b6e-86d1-ad05-1b2d1d86bf90,PAT000025
92cc6e54-f521-690f-ae9e-998863fcbe2a,PAT000026
505875d3-8718-1b10-8d0e-ec317e249b14,PAT000027
d9710cf9-989a-1eaf-3e66-d84843028b36,PAT000028
322aaeab-f450-677c-0c02-ac93abb2d48d,PAT000029
bf2080c9-0923-6e22-86cd-020f4db890a4,PAT000030
c6a1f9fc-f382-cf99-eeca-325790614b6f,PAT000031
91f07a12-fdb3-4830-a123-926b00b98936,PAT000032
8009c76d-bddc-c288-4122-e80ee387ce2b,PAT000033
d308b421-9027-06dd-cc39-bcebc0c7ebf7,PAT000034
5b103486-2474-8bd7-4a7f-621c4e5f0ae6,PAT000035
dd01e005-23a9-d2bc-68cb-c0fda5d584c3,PAT000036
1e71c6e7-b050-c4ac-d9d6-fe03477d6a5a,PAT000037
13fd296a-45d6-4279-c6b3-74b22a3429cc,PAT000038
def4ac85-cfe1-f974-9941-4d51e515bc22,PAT000039
d0a4ea08-29be-25dc-4aac-14ffb834a672,PAT000040
6aaa18f5-040d-7c4f-e828-357fc689e3bc,PAT000041
6711fe5b-0834-6ad8-e1e2-dcc55cf8fb40,PAT000042
ee57a306-27bd-eff4-681b-ff3e5133aba9,PAT000043
77ab416e-6b34-c4a1-afa9-373f0d613127,PAT000044
63acd603-172b-e68c-bd12-276b7de342e8,PAT000045
f5fd9c9d-4b2f-d7a1-ba3b-25e4819a5155,PAT000046
aa5df269-45db-2a71-9ba6-3e75bfa15b87,PAT000047
1835853d-b626-0a2b-baee-4f604a7b7802,PAT000048
376d14c3-20db-cc8c-f9f6-812545019e80,PAT000049
c73a7f3a-6c09-8fd4-f65b-56dac066c62a,PAT000050
8f906c49-dc61-c711-f49e-8ad44331253a,PAT000051
a594edc4-b7c5-64a0-54a8-993d4be3d9f3,PAT000052
7b333c27-0be5-6e1b-55ac-3f770269b965,PAT000053
c0d0d382-e892-d039-3b29-233f04a5c68f,PAT000054
9d3f91b8-e140-4d34-41db-bcc64c41f89f,PAT000055
588944e2-532e-024d-dba5-3a17f058ec8a,PAT000056
832dc06a-0c13-be2f-e4a7-1f6cc30822e8,PAT000057
0ce4d35d-9e3e-dd2b-2e20-78e81cfb0999,PAT000058
b195fd99-ee65-ae0f-ef0c-54f29ab9a469,PAT000059
2a4b199f-1666-6e1b-108d-df4c58702516,PAT000060
36085feb-88f7-00f1-6c22-44b18b0142b8,PAT000061
bf9c3842-fe29-9c47-02ab-e7304e912c21,PAT000062
254625b0-29ae-3582-a423-5ad51728ce27,PAT000063
61cb39a0-eed9-3ffb-cd06-faeca561edcb,PAT000064
70102588-025c-add2-acd0-0058eecc5ef4,PAT000065
3dc86f5c-455b-c177-d7e6-81b071f16566,PAT000066
26ef5694-5755-8319-ef86-4b587c011a2d,PAT000067
b61f1835-f92d-c45f-add1-da7540867c92,PAT000068
e8a313f8-93ef-51f0-3c03-ab095884cf20,PAT000069
fc21c741-c4c0-4906-b788-775d2676a25f,PAT000070
57c203f2-576d-d28c-350d-347640da9fcc,PAT000071
6b258957-056e-b039-ed3f-1e5cc69ab659,PAT000072
9dd0db00-c67c-5ef9-aca4-e221daf793ee,PAT000073
b9aac615-9096-7c67-0244-33fad24e0eb2,PAT000074
b9d660d1-eb67-bb6d-0ca6-fe25a7c35d1f,PAT000075
9f4a64dc-32c4-e49d-145c-9cffd60b646e,PAT000076
17a14d47-db33-ca52-77c0-ca8c7b1b7355,PAT000077
d7afd08f-d550-7fa4-f78a-40fa1326a1e7,PAT000078
314cb5e8-65a5-841a-3b77-ad00749794f7,PAT000079
da54ae86-4a4f-4c70-cac6-f4b3f47385c5,PAT000080
234a6836-cc75-553a-4d3a-0a37be913e0c,PAT000081
939b56a4-cd43-3bf8-742b-d9cfa460432d,PAT000082
322e980d-aaa2-649d-a949-98c8a4febbcc,PAT000083
ae9fcef8-4b7e-acfd-0bc0-ebafb4efd6f8,PAT000084
dc58abc8-1409-f0da-017e-971c21a68238,PAT000085
af637f7e-0b02-171d-5520-0484faaaf14a,PAT000086
07cb4d2c-4e08-5e40-5f30-92adba3c3d26,PAT000087
e42e81a8-cd19-a1a3-58f7-68fc2c0c6b3c,PAT000088
e9f82cf0-d1a1-d09e-826e-25bd00236177,PAT000089
fd802404-e23c-e462-ec84-ab62408ceaa7,PAT000090
b7b1abbe-f9e1-d916-862b-68d8e61991e7,PAT000091
6540b35d-8694-2593-f4a3-6d30f2ad07ce,PAT000092
fada3d65-66ba-4621-7019-944f8a6ce555,PAT000093
1be8165e-f174-744d-bfcc-4a9f27c693d0,PAT000094
2afeff97-6019-b555-7aa8-1303990bdeb5,PAT000095
9477d16b-972e-708f-c056-f3b13e243429,PAT000096
6f247536-06b2-2b68-7d10-9d95e12aebb4,PAT000097
55523250-ddb1-e1b5-da17-32267f81bc50,PAT000098
885c6cc3-e2cb-9abf-4a45-4d89158a60cc,PAT000099
5fd03163-6dc5-c5a6-104e-ca318e917e3f,PAT000100
5cf343bf-f54b-c967-bb39-3705d1de354a,PAT000101
405f0f0b-e639-d8ca-a7d1-1b3cd5d3ea23,PAT000102
488766fc-7ed9-2457-97fb-4ab4305a0eac,PAT000103
8135aed1-abc6-afd2-0f0f-8b4e63723cae,PAT000104
6e5a6f5b-dc4f-22ba-db2a-9b17e0d93232,PAT000105
cbd91ae9-5c8f-c1aa-045e-b8aa08ad4ab7,PAT000106
444b8d79-359d-77cb-503b-119db8e10d46,PAT000107
b575768e-3a45-068a-7dad-fc53f9800faa,PAT000108
58f0ac4e-1ce0-fabf-afdc-963187e5c38e,PAT000109
1ee6d4a9-4539-a294-2dea-8811def03437,PAT000110
43375b82-441d-9a5b-7fdc-ce02368f62d7,PAT000111
45534c8f-3ec5-2ecf-be38-b66e9345b855,PAT000112
30ee5383-fc9f-39d3-f195-e707958cc96b,PAT000113
df4a79c5-1c7a-c8cc-9073-23984ef839bc,PAT000114
71287518-35a5-541e-350d-bc171ef1a523,PAT000115
bd76ccb5-47c5-6a36-f021-90b3814d38c8,PAT000116
79db5bfc-5013-4158-3bb4-cc3f798fcc44,PAT000117
e4562056-80f9-29a4-82ec-685d5aebb0da,PAT000118
85b2ea30-b874-8174-60b4-2e411884064a,PAT000119
7a74e2f1-7cda-df50-20cc-901037fc821d,PAT000120
17af5df3-88b3-80de-93fb-61b4ca8d34be,PAT000121
4119bce1-9826-f898-f05e-bd17f34dad51,PAT000122
97915536-96cd-0a44-5d19-8154eb4c893a,PAT000123
2b33973e-5523-1a83-941a-6bb09ca9ae43,PAT000124
84a9167b-7b55-335b-8a89-4f5d23e6b380,PAT000125
c3ed425c-f5e8-da88-efbc-8c0ac99fa144,PAT000126
3b053bf1-20a0-4306-bca7-be3d027a145d,PAT000127
11ff8131-e141-ea63-d9d3-dcc9829206dd,PAT000128
680e9ef5-73bd-8b34-5c36-0285daaa42c9,PAT000129
15b8a5cc-50db-b90f-2c72-9d8a3ea30d6b,PAT000130
dcb72ce8-6880-911a-4fdd-49e29fe7bfbe,PAT000131
0ee57844-dbdd-7735-2db3-8410d1bcd9b7,PAT000132
8f460f15-3f7b-214e-fb43-9683bf6d4164,PAT000133
9649f4d1-6862-6dfb-0615-200c58f9a565,PAT000134
250dd7a9-f589-109a-a6f3-3d5869debf17,PAT000135
17b467eb-f4a8-8d1e-420c-886c2749e170,PAT000136
0412596a-6e27-1023-99a6-733ab2dd0a1c,PAT000137
c2063304-8719-0029-e82d-80901ec2cbeb,PAT000138
10b2a131-b84c-0a43-9e07-621c541fa8a5,PAT000139
fb3455d8-1eb6-32ae-f091-94d114c85acb,PAT000140
652f3c26-04a6-e592-3980-46e3c07d1d14,PAT000141
22646164-60b1-4138-f11c-318e4914445c,PAT000142
9089880f-3f32-df0e-ed36-08455ee789b4,PAT000143
dfa38478-fafd-ef78-c900-35b81193dd1e,PAT000144
6264e769-d79a-0e5f-7596-b2f45d73b13d,PAT000145
b9f034c5-ff02-9c99-5545-d79960e811ce,PAT000146
40039246-9833-9f6e-42dd-a3e4e974cda3,PAT000147
1a78c27e-a439-e3c1-bf3c-67b01ae5fee4,PAT000148
7b0bc204-6bbb-ad9a-f332-ca3687b4d359,PAT000149
bb692c5d-4e3a-568c-2145-e1c0af359be9,PAT000150
1e83d033-e68f-c0b2-256a-27363a162d3a,PAT000151
7d3c8ff0-fb67-7cfa-13da-6365449c003e,PAT000152
a89f423b-4dc8-ccaf-5152-327673d2e0fc,PAT000153
16cc2306-cb59-2e3c-3f67-747387fbee27,PAT000154
ca2741f3-f2fa-f361-7e34-412df17f25d6,PAT000155
bef79d93-15ff-d4b0-79d1-d580b6ab7a3b,PAT000156
5f1f0d5b-d8ed-b867-3ebd-3f51ada68ebd,PAT000157
494b5d06-c766-420b-c660-7e71359a594f,PAT000158
ff59f14f-571c-c64c-1cf1-f93e14d14a2b,PAT000159
48c715cc-144a-4c3e-93de-16aca4622854,PAT000160
b18a5d7b-28d3-0a70-f19a-a8a2727e9a4e,PAT000161
0985c661-e400-957a-503c-80003bc923af,PAT000162
0fda7515-3f17-162a-651e-3d76da9795dd,PAT000163
29498e9a-e442-c75c-4e09-d0a7712d3ae6,PAT000164
ee093e1b-f0ce-dbd2-86fd-1c5a1a757a63,PAT000165
16a55056-fd1a-52f7-3a7e-1a3aaf431088,PAT000166
0efe47cc-d944-b987-4ac6-7038b6eafa3b,PAT000167
33fea94a-1f15-a5d4-3154-630e55c17a17,PAT000168
3688cbd6-d3ec-0d4a-a750-d128792dbea7,PAT000169
02a3b7a1-c857-b648-54e0-feb7b3bdb4f3,PAT000170
ce26025f-514e-d1e8-9037-a75696861223,PAT000171
1a819186-d8e5-0162-b57e-dab8e4a590cc,PAT000172
057716af-1508-93cd-cff1-e5c6d25eeb2f,PAT000173
9869f5c8-0b90-f30a-914a-c2bb10416e8e,PAT000174
daf3f632-201c-04dc-c224-307a57cf5ce6,PAT000175
5b4e04ff-7aa3-f645-03c6-fe716b7d82e5,PAT000176
c625fd04-b6e8-1eab-7712-6f522cc23847,PAT000177
3859e10a-14b6-f7af-d3ac-4006790cc5fd,PAT000178
aae2db54-d530-5e98-b13d-3f612c003301,PAT000179
eca4078e-d790-18cd-bf4b-cb6272ac9cb1,PAT000180
16d9e72b-dcdb-c9c6-69f0-900ac41ea295,PAT000181
70786be9-8ec0-0197-665c-40f5a118cda6,PAT000182
3b96febe-ad02-2dbc-09a1-da171a110de9,PAT000183
dff762a0-0489-5e3b-4747-dd1b38fc1ff0,PAT000184
46dae6d4-98ad-ace9-a99f-1321fef835cd,PAT000185
1573f0ea-d6e2-f89e-26d1-b1399a0b7ae4,PAT000186
24a0b0ea-13d8-dbc1-2389-a69d3b2b609e,PAT000187
bc7f0727-22d9-edd5-1033-cdde81b7b9cf,PAT000188
2c9854eb-b801-6181-7825-1e9023939769,PAT000189
e857d362-c39e-a5dc-8be6-1a750c228a79,PAT000190
795e8c3c-e9d9-c33d-0502-05f36927f2df,PAT000191
795901b3-5873-d30a-01ad-be245666e047,PAT000192
d2288342-d090-adbc-c9b9-9c12a9509aff,PAT000193
fcad67cf-6cf1-1e05-acd2-49c66f991233,PAT000194
55cf6edb-8838-b6b5-66d9-a3387fab9975,PAT000195
a32bf18e-4428-b708-5078-72acc19391b0,PAT000196
3021e56c-d862-5bcb-3e44-4254831b919b,PAT000197
ce8d0286-1181-137e-7604-caa908d15936,PAT000198
3126d805-9418-eeea-48ff-289892478f0e,PAT000199
5a23af8e-4483-9a0a-d884-7135e5606cd5,PAT000200
e79bdd18-7685-5548-9197-6630fe2defc4,PAT000201
21862de3-445e-d068-1e6a-1e7e367cdafb,PAT000202
3e3fa47c-e397-3676-1c1a-b26ace085593,PAT000203
d37d4efe-e1d4-5677-20c1-73a82b08e881,PAT000204
cc08a470-6c59-0729-e9ec-dc6fbb0aac9a,PAT000205
6c16f6e3-b4f4-c08a-ef5b-e4150eac82a5,PAT000206
26c40cce-29de-da5a-4a70-6bba215fdf75,PAT000207
f078ca00-6973-5b03-a123-828f6e82f96f,PAT000208
03b7a35d-4f0b-aeec-9b57-6c89595f7648,PAT000209
aad3a56f-5340-7284-062b-60e34ea06be0,PAT000210
9d38d9d6-f4a3-a58a-936a-2ecfa0906cc2,PAT000211
4cbc0675-fa7d-b311-82de-76712c0a7248,PAT000212
9e4295f8-7f0f-e65e-12e8-111fc9ab29a7,PAT000213
1262196e-864c-4fe8-fbff-1ffebca43777,PAT000214
b5e05558-bc41-5f57-519e-2d932bb9c852,PAT000215
234aca43-e9d3-37ec-ad63-44e3e88a038a,PAT000216
04633606-54e3-3772-087b-ef382ac2579b,PAT000217
820f566d-3394-b63e-391c-1cacf14e7955,PAT000218
7a29f52c-f243-caea-2226-b9939f52b120,PAT000219
55d068c8-b329-c928-d3da-c6927dd73220,PAT000220
6499611b-5f6b-ea7f-bb2d-f50f320aa27a,PAT000221
7383b61c-9051-25a5-b7ed-af1fd1d85f07,PAT000222
918cf249-7b75-bfe1-840e-dcbf7e7a0b9e,PAT000223
cb97cd61-1c2c-af9f-9d6d-7bec5f0a29b5,PAT000224
057961b0-1650-5d13-65ac-a92efcc8e1e9,PAT000225
f731d633-c1bc-f75c-7bed-7a0b6ebf10e5,PAT000226
b5ccd382-dcd3-67e9-b7b5-a5143623c625,PAT000227
0230e390-9166-b600-a8d2-216b0449948c,PAT000228
3099cd1d-15fc-60f4-d2ac-96813ad6bee0,PAT000229
3e530548-ee31-f77b-f994-eb5f2bca0ee4,PAT000230
ffa66fd3-dab4-a4c6-0f49-81b7b566125a,PAT000231
331f556c-e058-3818-91ca-c225f56dc0d8,PAT000232
83f006a3-2464-76ce-f447-6e4f822bbf32,PAT000233
08e37780-0ced-b68a-db23-eafb85ce0866,PAT000234
07bb38c1-189f-3691-9866-a629485476fa,PAT000235
291d3ec3-a3e3-6910-6cc8-10ee8660d9ca,PAT000236
bd6a0d93-8710-de2c-aefd-9eeb13ca3716,PAT000237
2b9a8695-bc7d-e1a1-29f5-29c0dc46929b,PAT000238
2a48a21b-dac8-0d10-08b0-902ef0af2fa1,PAT000239
a8ad5c11-e5ba-2c2c-05ec-6ee974bbe00c,PAT000240
80b451ca-32e2-eb78-f8a1-2dd2292297cc,PAT000241
f471e0f5-a557-d850-4ac7-4319301e50a3,PAT000242
8d4fff71-308a-2ad7-411f-3b1c4a822a97,PAT000243
c8b712fe-e843-4640-d536-4e7cf534957d,PAT000244
ebda4db9-9d11-04f9-fe68-ebdb9c60c5f3,PAT000245
1d10a515-4f24-dc5b-910b-6a4352deac51,PAT000246
60883fdb-467a-0366-34d4-8119f335db45,PAT000247
4a427964-cac1-83b0-8b60-06a5f0abe9ae,PAT000248
1cee9d4d-1729-04f6-0174-5d51b9fe6ac9,PAT000249
b4668807-c16d-8066-f1ed-64bd0b256ef8,PAT000250
59422cc6-521e-ad6f-02ef-7ed8056339a4,PAT000251
e0b51a6a-8342-fbfc-506f-71d822281ff4,PAT000252
e41f4d25-8b1e-e331-c641-2c92dc01edb0,PAT000253
3f73702f-b9a9-e298-d9a5-e3ca63500fb7,PAT000254
d9adaa86-ad7c-6505-338a-045065999210,PAT000255
7f360a5f-24c9-23d4-18cb-e66244b7d43b,PAT000256
4c8e6f97-88b2-5590-335c-2a711541bb98,PAT000257
7be510a5-1c85-a1d0-c8a2-aa3b5c6f53ab,PAT000258
888d0581-6be1-3e9c-c97b-cc8d14a99e85,PAT000259
d3660af2-3a63-50bd-40c8-b58e7e248b6d,PAT000260
f64221e3-f939-3f39-ee6b-356a73bcd4c5,PAT000261
b50845b5-4259-3925-089c-bbc6d371e5dd,PAT000262
406df6e2-5f84-d4f7-644b-785e29f8b9a1,PAT000263
7087c847-4389-de8d-1b1f-228b64875978,PAT000264
1cf695f7-c285-fdbc-bb2f-e493d0ac2e52,PAT000265
0adcc572-263b-4862-c016-a8f6405ac3df,PAT000266
48098da6-779d-6d91-9813-ab09bbd4f97b,PAT000267
00b03fb7-bd07-3417-1738-84b8951cffb9,PAT000268
4547e79a-5bd6-0bd5-aeb0-499ea39c2b8f,PAT000269
4f2d87d4-1b2c-f2e2-7dea-9d67094a3ba2,PAT000270
7ff8b37f-a4d7-5639-fe98-dd84256260f3,PAT000271
61405915-6c6b-6056-082d-652ab40617cb,PAT000272
777810c9-9594-13d6-4ce6-8d920266ec99,PAT000273
2ae17fc1-1cd7-dbd6-dbdb-ffc47ab34249,PAT000274
a54c4b80-6e21-d61e-cd7a-9434399cd9ae,PAT000275
5ced0a4f-3cbe-61d6-03b9-dabb2dba82de,PAT000276
812fa9f1-88e9-9474-4794-ebf7dcdadb19,PAT000277
6484b72d-f8d8-99b5-d94a-aa81599cb90e,PAT000278
4c3b7b0a-d233-5763-6578-c2379f588b9f,PAT000279
9afc4c47-798a-fb8a-6c51-140252399f42,PAT000280
74b79f3d-d075-3c6c-32a1-045ba55b3eae,PAT000281
dcdec48d-53d4-d343-4a6c-accd7ba5eeea,PAT000282
f8c1401a-31aa-e84f-d16f-0c92a677c937,PAT000283
e6332de6-e3af-76e1-c455-66cd2ecb67e3,PAT000284
8346ef05-a137-eeb3-0136-2316f2ec7a93,PAT000285
caedd504-a68f-bd33-da2e-e429b8e8dbb3,PAT000286
7366e43f-34da-6fab-8154-37ecd71c2194,PAT000287
71bd1455-62f5-f5f5-ea4f-abacbb7d73db,PAT000288
59b7285a-46e2-26cb-7962-bc28532e158c,PAT000289
734cde20-71db-2182-b9be-43e1acf76a4a,PAT000290
493168a7-f87b-527d-6fa5-9614858712b9,PAT000291
57168476-c5a4-9857-c39c-c5551dd2f602,PAT000292
96bb3907-5116-7543-bb97-7c0a5052f27e,PAT000293
cac062b0-508a-4fe9-b3cd-3704093d2a24,PAT000294
e52aff32-5de7-3856-22de-3d2c3b12c8a0,PAT000295
d97a4986-68ff-9ebe-1739-55843d39cbf0,PAT000296
02662159-610c-2864-08ff-5f692831f549,PAT000297
8fd9c6fe-c102-49a4-1e8e-829fe6f9015d,PAT000298
c7c43a3d-f324-3b73-47af-23383f5a6f8d,PAT000299
bc0c4dc5-bf52-12a9-b438-838978cdd12e,PAT000300
5043eff3-a986-44da-69bf-c9bb7d72a988,PAT000301
dedf699b-6b08-e3ca-d6b4-170f6bdb63a7,PAT000302
09355d3d-568d-faa6-85cd-d85d0daf4046,PAT000303
7a13d43d-c3c3-4aa0-75a3-53c52d6a8141,PAT000304
3c30c545-9190-2507-0d5f-92b2f3560eba,PAT000305
60e241ea-3b2c-1a16-3de8-96b4b5cd73df,PAT000306
0b5d176e-9af3-a268-b884-c8872574f43a,PAT000307
e231e0d3-a7e4-e476-48ff-d6a345dd9409,PAT000308
cd4b8e1f-b0ee-73e9-db43-ae5222f646bc,PAT000309
d0bf6ac8-346f-df22-9f7d-6a9f3925dcd8,PAT000310
a777782e-96e6-579b-7cb5-a8f290cdc256,PAT000311
06f9d213-0a64-3c6c-5077-96b6f719516d,PAT000312
ceafc3ba-cacb-59f3-503b-4fe8d9a72bbe,PAT000313
91a132c4-8361-d6e9-b572-d33975c4a634,PAT000314
af1030f8-c783-8905-9f66-21dbd60b117b,PAT000315
2be57541-83b5-e954-2932-d541914990c5,PAT000316
c71fde76-87bc-1e75-8ac2-d5f6e810f135,PAT000317
be903606-4548-31ae-3ea5-cab5bb0c1e66,PAT000318
c1dc8c17-0c42-dc06-8868-d3e22eaf9c1a,PAT000319
25af6ff4-d518-60fb-8b53-c309dfffc1da,PAT000320
098d3c86-a437-e184-500b-b6419a6cb734,PAT000321
27cf61a7-f1ef-4044-7d92-7023a22ed18e,PAT000322
4a2a4a31-55ee-6434-446f-ac8fce1c2abe,PAT000323
2a306608-8a1c-7032-cd30-aa6950c9f2e4,PAT000324
f563f8bb-ac3b-3173-2207-568c8920828b,PAT000325
8123bbe5-27a0-0c35-d593-affc57244343,PAT000326
bf67a2ed-f5ba-aa88-a0e2-9faa3ab4ddf9,PAT000327
3958bf34-8dc2-d2a0-95ce-de78006a6579,PAT000328
aa4be2fd-e515-4921-5ef4-2f0df254dbbb,PAT000329
7066a4a4-511e-6a1d-9ff9-f998acb861ea,PAT000330
3462e2bf-f4be-a78c-790a-a1eddb581a60,PAT000331
f73dcf4a-1798-39fa-30a5-d336f841fff4,PAT000332
a2327c83-f731-e9fe-0183-4c0c08d8ba02,PAT000333
671212b5-8fdd-7193-e35c-5687b3682f6f,PAT000334
1e2fc14e-e139-b54b-5e4f-d265fa169596,PAT000335
25ac6c08-0e30-279a-a3e7-f6cb096457c4,PAT000336
ca8728b4-71e7-cbc2-5bd9-17c4a71f666c,PAT000337
b0621095-3547-b46e-ff6d-fd6a0c4670f7,PAT000338
711b003f-8763-e2c5-bfb4-dfc8676ca6cb,PAT000339
3cedfe93-0632-7899-0824-312cf40c1305,PAT000340
80bde553-f7f7-4232-050c-798936989a82,PAT000341
66a616e1-73d4-8df9-19e8-9a4241627177,PAT000342
cc8859a7-43a9-d202-bee5-2c4271f79f04,PAT000343
868978f3-1777-0aa2-e556-1ca83ae7e66b,PAT000344
8e56df86-424d-6947-5aaf-57817e844a51,PAT000345
ccf56a03-9635-ed9e-115c-7fe8a85f9a4b,PAT000346
f7659171-fee4-6b77-2296-b59b6ca52bda,PAT000347
e5c827bd-450d-906a-a23e-de1f7433e978,PAT000348
09391a0f-4480-970b-45d3-45f7fefe5317,PAT000349
11ae517f-c0ed-6c27-3dae-e79a0b3ef8ba,PAT000350
423416c5-2fab-186e-e986-a7768fec6fb4,PAT000351
51a1b805-9af8-14d3-3c10-4e3537a440af,PAT000352
3704beb4-845f-f307-999d-3f27d8e746c0,PAT000353
e823d093-874f-c647-a30e-872be8bb756e,PAT000354
7e4ece1e-a884-f725-f3a8-c69cd2b14998,PAT000355
5671517f-0668-072c-5271-cd014832708e,PAT000356
2a8dc907-368a-f9a5-985c-0b2ebe5bb301,PAT000357
66c27df2-382b-9967-37dc-d6a0e04ac77a,PAT000358
9e265fbf-01f4-eba3-8851-10ab94a7ddc4,PAT000359
cce7008e-e224-bd4a-2ad5-6eff8b616ed3,PAT000360
7a10619e-33b7-6a07-ef64-c52111d841ae,PAT000361
54baefac-5084-a8c5-a874-ab29c65e8082,PAT000362
c0846641-d2fa-cf9d-1da8-713d2ded88b3,PAT000363
b02c2f72-8277-a6f2-f89d-53c105e352e3,PAT000364
15eb0b3c-22ec-f2f2-b348-9c345414216f,PAT000365
d23a830d-0500-8e87-e62a-01c5b773da91,PAT000366
772cbe37-f648-017c-644b-09a26b6990e8,PAT000367
d431a338-980a-e9f5-1ced-6ca50b81b1d7,PAT000368
75947642-6917-07f4-c6c5-b10780b539dd,PAT000369
93e79813-f5fc-12dc-3654-950c7a23cda9,PAT000370
2bdc80f0-1059-1182-8136-d1e7ae7e7871,PAT000371
f9d5ca26-3ac6-22bb-a197-ff32cbe2d4d0,PAT000372
f54b6024-f012-d305-ea56-0767c80282af,PAT000373
fd5bf524-7cee-31f6-3c96-670ca91eed84,PAT000374
6d0ef766-f48b-365d-ad23-e6ef4abf0b68,PAT000375
4a236820-3776-da76-1ae1-000cac359f26,PAT000376
b70d1455-725d-4621-232c-188700cc9ac0,PAT000377
8253d2a7-305e-69c9-88cd-2b345a5b9aa5,PAT000378
89f07e89-8b3d-69db-1d9e-ad7d09957b93,PAT000379
73fffa76-ebb8-38b6-131d-b8e4cbf65c1b,PAT000380
a534cba5-aa67-f788-9662-568e5c18d923,PAT000381
79de0e6e-41f8-c883-7019-8001165fb6f1,PAT000382
f8e591c5-c97b-1b68-bbf2-56b2e263fca6,PAT000383
9a8e4ffa-4c23-4de2-ba2f-4a5dd91c2e4e,PAT000384
62237f07-b87a-d0fe-46ff-b1b000ff5122,PAT000385
03529a44-2a1b-1f95-45fa-28de5285d6b3,PAT000386
7eb62ffb-b242-9391-d625-cb402e590644,PAT000387
4f1b1c1a-ddfa-1b45-66b6-70214a09efb9,PAT000388
9b28ac16-feeb-083c-9d0b-bb1f2eb8f6c1,PAT000389
903edc14-b970-9156-1bfb-ef8567967c9d,PAT000390
27a7ee72-b2a3-e4aa-7a8d-375b9bd39acc,PAT000391
3303ef15-430c-d60a-2bc5-20da38a907a7,PAT000392
b18d0e9d-fde5-d1a6-095a-9f0fbd525863,PAT000393
f95b8f42-f563-ecb3-30a9-cf6833c609a8,PAT000394
56fa42ee-f7c4-07a3-6c07-0c3a5f22173d,PAT000395
e3d71736-6413-0eb1-9b1e-7c2392a15231,PAT000396
23ef9e73-8513-1dda-afa9-2a27b5ca3a6e,PAT000397
9d348d54-0360-1ae2-c479-bfdf91b8065b,PAT000398
719ac545-6f2c-4500-b4a0-69a667edac62,PAT000399
f910a82a-4359-da76-afce-af041e4f0851,PAT000400
f10f20aa-283f-9be7-5ca7-dd734adb448d,PAT000401
44e5662a-22bc-ed89-8279-8c97980c58be,PAT000402
9af72da6-146b-4249-3ec3-32cf293b4b16,PAT000403
9f74dd22-6ed4-b888-d17b-88a67a38ebdf,PAT000404
ccdd8da0-39de-f109-8d24-228b4a6c7b5a,PAT000405
5152ce60-d1dd-4cfd-9b5a-91daa26c9c79,PAT000406
e137e1be-7a95-7f18-e200-1d1a03d3fb70,PAT000407
1a4d1ccb-4ea1-aa4b-4510-4cd0c450eedd,PAT000408
849cb2ea-2afa-75c9-a40a-30825c3bc60a,PAT000409
d5e0e6a4-986a-74b7-311e-57e4a76330a6,PAT000410
9c4ddda6-e98f-c3ab-457a-786406a945dd,PAT000411
4dd74d7d-5fe9-f6c3-1ff7-55970e7e0f78,PAT000412
3a4f590f-ff7c-0aa3-3924-e747920e9417,PAT000413
7c74a14b-4b78-e8cd-4b96-a56a3378aa1b,PAT000414
1689261d-4ce6-f9b3-5dde-208458a34047,PAT000415
3fce1ae8-2b50-7172-0c71-a0ba7438a48c,PAT000416
f2adf03b-3593-d7f9-1892-54e5f10d2de3,PAT000417
8a37c527-c17b-dbbc-6a6d-11315cf9b5c7,PAT000418
c4ed8f0d-e993-c453-ef26-e533c18e829a,PAT000419
88b2148e-d8ee-6a12-8d60-20bc9bfc464e,PAT000420
9921b50d-0590-f22e-830f-71f7b93d73c1,PAT000421
8442603d-e563-f885-8a8f-9c1dc368bc24,PAT000422
0c90e01a-934f-fe10-5740-e5e1f4169d58,PAT000423
bd4873a9-3431-cdc8-4f47-e1baef35d5c6,PAT000424
4f9e1c22-c6ae-a1c9-d828-603c761c94a7,PAT000425
8403d485-d5f8-3d90-3112-cddd4a2e12f6,PAT000426
97efb61d-e55e-6667-af16-836e7b1a3145,PAT000427
6bfd0500-59a3-9168-295e-06fa484621e4,PAT000428
8a185a1e-e90d-c1d0-fe6f-6248578a359c,PAT000429
39f47797-0edd-444a-a318-d5df0629b7aa,PAT000430
49be0181-68b0-d3e3-06af-130a83cc241c,PAT000431
89326701-c3a0-bf0d-54be-396bd727bb1d,PAT000432
50b1a423-5ac5-d39e-1b74-6203137546c3,PAT000433
0bf03606-f6ae-8e7b-09af-f94ea4d3c7fa,PAT000434
6262d39e-498b-715c-0c52-db7f73337a46,PAT000435
02dda86a-421b-b048-bed5-4d4a4e347b50,PAT000436
821aebbd-56e2-277d-4bc2-5eaa14e34d12,PAT000437
fcd7a678-dde5-d102-65b5-b8a891fd03f8,PAT000438
1197c313-832b-d2c2-e3e2-919da107261a,PAT000439
d26b2db6-3e83-b777-4749-f35222875ec6,PAT000440
233438e3-e5a0-dddc-d3a3-d9a517a69ab2,PAT000441
26727466-2d4a-ca15-d104-3fc2c91c2b12,PAT000442
9792ff35-cdae-3998-3ca0-be75fa94253e,PAT000443
dbbff29f-4ffd-93f3-f4ed-5c458217c85a,PAT000444
76cce3f6-99c1-e526-96ec-1257df79dc95,PAT000445
9d33e1df-723e-fc18-84c6-0e430c20b530,PAT000446
34730a71-6fbd-a838-db20-579f40ef44af,PAT000447
b6cd41b2-d6cc-5c5f-f001-89c267ce5a5f,PAT000448
c9b879bf-a092-305b-1490-5f8ce1cb7a05,PAT000449
27272553-ded8-899e-9b90-f0995179d409,PAT000450
2c3795d4-d751-22f9-3d19-6d5f3c6ff74d,PAT000451
4dd05fc8-8107-66e4-24ee-95053d2c545d,PAT000452
087a7f32-ccbf-8da2-cc68-75cf1836b0ba,PAT000453
e559cfef-a366-24ab-4e8b-3ef9fe503b02,PAT000454
439b4db7-2672-2b67-42e8-597229c13110,PAT000455
f1dc3274-7f5f-ebbe-389c-16bf61b6268b,PAT000456
9aec25bb-3f58-5d5d-bcb3-293acf770811,PAT000457
ea77cca8-7621-d16f-0d83-b110a3580e4b,PAT000458
21f4487d-79e7-4043-240f-0167948f6432,PAT000459
2431a087-192d-9f08-ba62-efaaab919ea5,PAT000460
5e4e6ab4-3bd8-9c02-3ebf-6ed7dbfe1cb0,PAT000461
0a27b5fe-c23b-9c01-f608-42cd49098a38,PAT000462
1bb05cf2-4ca5-5be1-dae3-c0a815f68aa1,PAT000463
1af764b4-2f1b-db54-beba-955a92ad986b,PAT000464
ad274ee8-8c1d-84a4-22e3-30f689861e52,PAT000465
c8783d22-cd2b-02c2-0782-07f7c8c10b3b,PAT000466
1255368a-621c-47e0-ced3-c6223ebc660c,PAT000467
187e7e98-2cf6-79dc-219b-0d83c75e2973,PAT000468
ac2936bb-eba0-5333-b7e4-c940fe424d7d,PAT000469
88513225-74f7-99a8-ebd5-ed7e4a497c0e,PAT000470
d9807bc7-5804-d900-3ad4-f2752ec1c7b7,PAT000471
6d6842eb-f6ab-5732-5b44-9d37007f1480,PAT000472
8a9eeb08-2ed7-7290-ee2f-cece3a76ddaf,PAT000473
ac17cedf-1dc9-edf2-e323-da8391c65033,PAT000474
c35e84d8-46ab-a9ae-557a-9577ddd3baff,PAT000475
07ac741e-3d3f-88c0-420b-69172423fd1f,PAT000476
6ede18d9-c9f2-05f8-a4a2-2c51760f704d,PAT000477
745ccd84-ca96-9ca8-91e0-1d295dd9ec2c,PAT000478
e67b8939-d967-3d06-ad8d-83fe463a0556,PAT000479
1c6a4c27-eca7-9e1d-f81e-47a7075354af,PAT000480
d49229be-8869-ffed-7f7d-14dc1ca8d214,PAT000481
7854633c-81f8-0550-6523-ad7a3c7ec2db,PAT000482
f7dae952-f905-6840-8db5-44cd2988e2f3,PAT000483
d00ea4fc-22c1-5c63-0bc6-0a176ec9b8de,PAT000484
efbdda45-a4ff-bbf0-6f35-0b9f4fb975ff,PAT000485
e8c0d3fc-bead-5a45-2358-b70c05aa4818,PAT000486
621257a7-53ce-9268-67f2-fdb6468f04d7,PAT000487
3ad39d04-31f6-a9e8-f99a-7cc6f5a62ba0,PAT000488
6c7c305c-9eeb-31c7-e8ef-508a586787cd,PAT000489
c5d37b56-6546-4b2d-d1a6-2c9cae8d0851,PAT000490
2301464e-9220-3378-2203-9bdaf8d6ded0,PAT000491
3743dbdf-f358-56a2-d4ea-6078aa0d0e68,PAT000492
49cd94c6-fd72-85d3-ed69-0c3da1596dce,PAT000493
21595463-2440-8950-23e0-2d13f46b4c9d,PAT000494
db97336a-9350-4296-078f-5d976d95aff2,PAT000495
4de0d47f-d63c-7374-50d8-8e7c81cec86b,PAT000496
b5c733df-0bff-df2b-f40e-86f01c35c869,PAT000497
68fa66ee-fcf2-2ada-4068-00096592e824,PAT000498
5c9d29c8-8a00-d3fb-16d6-56a236e93f72,PAT000499
0a2f2a46-64f4-1d66-dfad-0e502d0fc70b,PAT000500
6409ed28-e641-67b4-f8c7-bbf3a41c3c10,PAT000501
70fca18b-db02-5a54-1cba-eac1eef249fb,PAT000502
ee53890c-a2d5-d964-388e-882cc15a9607,PAT000503
dfe1c84b-1865-f294-31b7-48a5b081f9a2,PAT000504
75694ae0-94da-4f03-322d-8932a50c4812,PAT000505
a90d16d3-c638-1607-51d0-f7c805bb152a,PAT000506
9e6a28b8-70a7-405b-927d-276dfa8b8939,PAT000507
f4f29ced-a63b-a9d1-c81c-2f3b3a982d01,PAT000508
90559996-643b-9708-3398-e3c738603f59,PAT000509
c8062db0-02d8-b906-5cb6-5609901184d8,PAT000510
f0c99a5f-1c3a-f288-7c6b-81c7aa6f6fee,PAT000511
17d3b331-31a8-b10f-4344-1ea940216a67,PAT000512
30b4f00d-8ab4-e803-b6c9-5267ca627286,PAT000513
e58cf56a-50cf-dbb8-6f36-ac8fbaae7f76,PAT000514
5a3b9b66-3cbf-a9c4-38c6-eaaf8273f186,PAT000515
1882d6ae-749e-1e21-8505-23c88fef8442,PAT000516
e1e8977b-9638-9b4f-358f-bab86bbaefaa,PAT000517
16be4828-e27b-0cc9-4dee-d4bde332c57b,PAT000518
27b968ad-ebe9-58ae-b004-b28cace6bda2,PAT000519
f670a3d3-2507-a14a-2cde-88209b710443,PAT000520
8f590559-ce2b-fcf5-bff7-6adeef0f96da,PAT000521
531f2405-0bb7-d056-70cf-2f93d5174150,PAT000522
8ac76cc3-3d17-3a81-10bf-d210e359c437,PAT000523
38c4186d-9357-0b60-c0f7-da0815d1ce4d,PAT000524
f76f9b7c-f288-a8bf-f6b3-0c263c39b710,PAT000525
ca6a5e31-ff6d-72a4-45eb-3d843063c08b,PAT000526
460b5a27-00f7-3343-5a34-96217cb35c7b,PAT000527
869809cb-812f-9167-f988-24199c02e934,PAT000528
10a0ab48-10b6-7eac-1bd1-1ce3ba35478e,PAT000529
bf19d2ad-fbb8-e778-762b-acc405bbc470,PAT000530
2e3a65d1-490f-4f14-c22c-16952b8520a0,PAT000531
25d16326-4f6f-aceb-e410-eb7cc186ade0,PAT000532
88988060-f4f2-0ff6-15b3-3e4b11b6b983,PAT000533
46525df5-1b21-6270-afd9-563501239fe8,PAT000534
b777504d-13fc-0e4d-af94-76187b564db9,PAT000535
08b7ad19-c424-0c1d-78f1-6f7a686fb152,PAT000536
25e4d322-0f12-abd4-9a1a-ca76986ad32e,PAT000537
cd36a1c9-31a7-6c0f-03f3-5a7f13fa6d37,PAT000538
b7028cb8-ff0f-c7c8-c17b-92fa272305ca,PAT000539
cf433202-68d2-f898-04b6-769beb044285,PAT000540
a09506bd-3e88-84a5-b4cb-326d19f5691c,PAT000541
0361d1ba-4515-f838-cdcb-8c370f2407ce,PAT000542
74a0d25d-59de-cb96-2489-d1931a9726c1,PAT000543
77acc324-5782-de06-51d4-90156e8c253a,PAT000544
3e0d5fb2-36a0-2bdd-a37a-c407b8cce635,PAT000545
596bb2f1-9232-c8b9-75e5-e74f3c0f64d6,PAT000546
e3ec0ffd-a0ed-2af7-1aaa-d47a76bf9028,PAT000547
5b90f814-48ee-9d88-7e4e-ff2fd240771e,PAT000548
5883f0b9-fd08-a8c1-0751-d4394df2be21,PAT000549
f63c0838-27d7-6d30-43e2-7959505b73dc,PAT000550
b7003bbf-3663-a233-bd51-90f42e1df96b,PAT000551
85d5922c-8f3c-2790-6293-ee23dc7797cd,PAT000552
71a0898b-4b1a-fd0a-9047-5be3688abac9,PAT000553
31fdd46f-5826-8de2-09e0-3d2050aa9d4d,PAT000554
a179b1c8-320a-8f53-1c66-096896e9ad0f,PAT000555
e90b850f-9ef2-7b18-9cb2-4bfcb94eb946,PAT000556
e6f40027-cd96-be17-8f70-5ab0659eb6e0,PAT000557
b9af1785-41c2-3968-a01e-7e984cd9f827,PAT000558
ae299809-03b8-5a60-8649-7fde33b2babd,PAT000559
5eca8490-ab8c-c527-df63-0c5914a10625,PAT000560
d2eb586f-5fdd-0f80-7dfc-12ca29add659,PAT000561
256eceeb-9c03-86f6-87a0-3f8d09bfe21a,PAT000562
b2bd4db9-56a1-94d4-f1c2-215ba06a1e64,PAT000563
dd40f564-f2a3-ba1e-8024-e4745f12e158,PAT000564
4e2c4adf-8b32-c9c5-a0ac-c95463c5ace2,PAT000565
1cb03797-e4fc-b7d6-e3f5-f6fb9d60b252,PAT000566
34394f50-1e05-32ef-c2a9-88623bd25fbe,PAT000567
456244b5-d434-12f4-fe8a-d920d684dd9d,PAT000568
0e711434-076b-e712-f023-e635a157f9b9,PAT000569
9838d90c-84d8-f670-93d2-8c89be79f949,PAT000570
394f593e-f55e-bfde-dfb8-0631b35a970f,PAT000571
ee6006ad-2847-97d0-ed3b-60ae9e204675,PAT000572
a0895b19-da4b-72e1-31e5-d619e76bb547,PAT000573
0ea1f07c-7103-bb6c-42de-e112595d427c,PAT000574
48afc4e8-4ac9-5fe1-8b83-a39af4cec27d,PAT000575
2b4cc3e9-a5fb-f05e-547e-486ff511de7f,PAT000576
f1386454-8e6a-9974-1db0-40df0742805d,PAT000577
bcf40146-0ef3-cc47-6477-fe174f861b4c,PAT000578
6b853e12-a9a9-db21-db9f-5ef7cb13a891,PAT000579
3e215f79-7b19-d69c-f3d0-f76caeb5f24c,PAT000580
c6818536-70a1-d489-aa82-79cf9c47a1e2,PAT000581
fc71603c-1da9-4ad3-8a62-e93ef555e023,PAT000582
cb4beb57-febd-e36d-e4b3-91b6709aa574,PAT000583
3ab52a3a-bdca-efce-cc29-ee2f38422fa7,PAT000584
932dbc86-7163-21fd-d75e-73886f841e0d,PAT000585
81e27c7f-995b-4abf-6cf1-2988b2703e65,PAT000586
6ce66a6e-4662-4659-a4ab-9d94e54a0ab9,PAT000587
b375988c-9232-1604-1604-1360ebe3f2dc,PAT000588
b417f55f-3608-8845-63f6-dabc9ae08fdc,PAT000589
fd40c542-a544-e1ee-82d2-34b3d93107ce,PAT000590
99da3d13-2629-2ccd-3e3b-2c55f96d2f60,PAT000591
661eced2-3a92-1426-ec0e-75658f42d374,PAT000592
bc0419e5-e56c-3b89-2d73-3a39a8be0bb6,PAT000593
dd35c7cf-11d2-0c50-f4b4-74d8a630e897,PAT000594
6ed15571-00ab-ca4b-b950-7408f329e1b1,PAT000595
113f955a-e9e0-0d75-1fee-7b5041a43f9f,PAT000596
8448ba9e-4db0-c0c1-c0c3-c813b5bfb391,PAT000597
e264f7b9-d412-234d-dc1f-d7006b16c3d0,PAT000598
5fb4c574-48ba-8cb8-309e-525b9ac57dd2,PAT000599
88896f46-5496-b8d4-e882-38cdda79a8bd,PAT000600
d2e628c4-5aa3-49a1-aeff-93ff498db099,PAT000601
956f93a4-9d68-1c99-e7ac-6591ba35c79d,PAT000602
b9d422ed-1809-951f-9a9f-ee5ad3e23a8a,PAT000603
516a1b65-8139-c470-8414-eef094e0dbbd,PAT000604
79bbc908-fe62-2270-ca1a-efdeab9402e5,PAT000605
231f258b-648f-4f70-95c5-44ad720986b5,PAT000606
a5bfd0ce-1171-8f56-dd5d-230120ea196b,PAT000607
fa9f25f4-aeff-aad8-8d8d-2dc66b620b7f,PAT000608
e0b5bd43-ee7f-58e2-e6b9-fb2b1edbd846,PAT000609
7f5d71d2-5d72-c5aa-cf22-e02858af93c1,PAT000610
d3978d0f-5a6b-5209-cd70-6f65bd96804d,PAT000611
dac48095-22ea-8bd5-3b82-20309add4083,PAT000612
ed074f64-56c9-4d68-1571-5a50fecbb524,PAT000613
a2953e4e-5e03-dcf5-29ed-b0f22fcba888,PAT000614
9f2a2732-0105-e1f5-8964-c67129b1a4e8,PAT000615
81b5644b-59f1-4c46-10b8-7f50c68a223b,PAT000616
59beaa66-f929-fdea-ed06-d6b5c881da82,PAT000617
c91b07ac-77d3-62f2-e804-b2e468985594,PAT000618
96b31a71-2374-d986-495c-87d6a0bd2b5d,PAT000619
c33e8dc1-846d-4a01-defd-4efc48d3906c,PAT000620
908d053f-5f87-3923-db87-de88f823de07,PAT000621
158dc65a-8ff5-b058-76fc-e4203ca5195f,PAT000622
9a5312bc-1d21-494e-6c63-23da51171a35,PAT000623
b5b4e34d-5074-c3f0-1eaa-4e6603bd05e9,PAT000624
29c25059-63a4-c78d-47cb-b118440ac937,PAT000625
adb98145-b02e-01fc-8847-61fb0ec9790e,PAT000626
b5cd5989-456e-783e-885a-ee6d63dc38ae,PAT000627
c16ca25f-d54e-ac6a-382c-7d1de87559a0,PAT000628
e67d4a22-086c-a9e9-cfbc-4debba9e1ded,PAT000629
a68e7dba-6638-0318-aa4c-1c31edbeaea9,PAT000630
7809438b-34da-477b-4412-3b7c600ece09,PAT000631
96e68ada-7de8-abab-acb5-99d772ad9036,PAT000632
a26cb194-e917-a7c6-21a2-0010bb9f2bbd,PAT000633
a3e339e8-ecaf-6b6a-d746-327b08f16cee,PAT000634
af542e8a-cd1f-00d9-8f4c-16bcdfea5e64,PAT000635
04fec0bd-2e6a-3650-7dba-6d9bf0da023a,PAT000636
f073d936-88fc-3a95-cff0-cdb280b74ce6,PAT000637
d57c1c6e-5403-9b5c-a1f1-238180e9d229,PAT000638
5c0d4b27-3fc4-b64e-9068-b376e01a935e,PAT000639
9797139a-0bc0-9c52-ec2e-798b75780081,PAT000640
8727a41d-4931-c7d6-d405-04dca19c8f86,PAT000641
640e3c3b-b9e7-0873-ec95-3da33f759b33,PAT000642
6300ab8e-8ea4-0ddb-8dce-4846c820872b,PAT000643
fc74f866-3d25-e68e-4f03-25870a7f4dbc,PAT000644
32488dd4-1987-94d7-6aee-320a9fefcb5a,PAT000645
b8bece40-c42c-cc2b-88ff-a3c1f1b65a53,PAT000646
e7a3aaf4-b66d-9c2c-81c9-f235b99ab438,PAT000647
77ef6161-855b-bd3d-8ee2-aaf2a45f8bac,PAT000648
ccc8068c-4f13-3d25-fdee-863f6b9415c6,PAT000649
410583a0-6a84-8f70-956f-f4c0da9d3d9e,PAT000650
382f089a-d3a6-e828-568e-ca2a406b77bf,PAT000651
efa3989b-f386-8c2b-a720-83c95f2b40ea,PAT000652
a67de507-1836-1ff3-7a13-f446dcb2af2c,PAT000653
335e5412-dfc4-8b14-e1ed-1a023dae060a,PAT000654
5a52830b-a6bc-712d-f5f5-52b00a0d2233,PAT000655
9aa6c7ca-b25b-8b27-e972-df9056f879fa,PAT000656
c43a555c-109b-a0f0-d0f1-cf01c0f6c26e,PAT000657
5560b8e2-38f4-4541-b1ea-04f4180beacd,PAT000658
f7625629-5085-9215-42a6-6c4a70b834f3,PAT000659
0002000f-9827-b2ba-9073-559ad959e2c4,PAT000660
ead53a63-a83d-432d-8d68-b45d0ff8c447,PAT000661
9b0c9805-ceb8-3bcb-a940-bdde644c6a88,PAT000662
7dd077ae-c3b8-7747-ecce-f67c3e3dce34,PAT000663
6b953adc-a0ef-114a-49e1-5272a88679fc,PAT000664
a623005a-426f-d050-ce8a-0f4d89045069,PAT000665
c17b9506-e1ca-b2cc-8bc3-4cd87bbf8033,PAT000666
d9532a02-ac49-ee40-dbe0-c5687bb233f5,PAT000667
1b4ee7b2-75b5-ce4a-f728-7ba1ad3d171b,PAT000668
bbb4e7d8-4c30-9947-1dec-2eb23130ce99,PAT000669
59315582-4cb2-2372-04ab-2227406d74f7,PAT000670
a6eb547e-e281-e966-0d62-bbb272586963,PAT000671
58ab34c3-bf82-a7af-e5f8-86d990aa97db,PAT000672
0862a5ed-24b2-b35e-b0d3-edd22f2de652,PAT000673
002bbf51-c760-39c7-a84c-2de6160100c3,PAT000674
329c8daf-f9d9-502f-c40c-b22e0812fdb0,PAT000675
b611e06d-eee3-366e-deb9-fc3c7597be94,PAT000676
c51cb896-3483-cb84-0092-a7d5acf2c16f,PAT000677
cf45b15a-4c03-9d1c-0a92-482738bcf6bd,PAT000678
938f9749-44ea-8b1f-8e5a-39a9f46f1efa,PAT000679
7c8f4fdb-f59c-0b0d-27eb-9608dcc2885e,PAT000680
e65a9ff2-3045-3218-d94d-74c0251a469b,PAT000681
be83f9f6-4891-dbfa-fc72-efb22e979aee,PAT000682
3f1c46cb-a273-bbf1-2537-44628dfd7a92,PAT000683
ef86f089-6188-96be-6c68-4d366d7c9def,PAT000684
3b64929f-d2b5-d1cc-7cf2-f24fe51fc761,PAT000685
6dc71c2b-7bfb-bafa-5c19-44d78441679e,PAT000686
e559889f-13d1-4127-5071-6cfe4e5fb2cb,PAT000687
84f6d515-daba-2be5-d717-9a7b17399b3e,PAT000688
ef99eac7-d985-02e9-be19-4cb9578fdbb2,PAT000689
c958ce99-8688-d98a-9253-d6b02c3a6b86,PAT000690
dcc3414f-fe42-1e81-f045-a130b7180940,PAT000691
3f549149-d720-eced-a7a5-b1d019417e78,PAT000692
11ce4343-71c7-91ac-e2ae-96b7c9faccb9,PAT000693
205c692a-76a4-9b19-1f2a-5d6b21a67711,PAT000694
d7aefb21-de1e-a430-a2ae-e28de0a76a85,PAT000695
f8a57c49-a88e-6ec8-7cf0-32f094a03ddd,PAT000696
9ffcbf74-8714-c29d-fbd9-7d687b37f4e4,PAT000697
ef0b06be-7891-b1f1-4979-8a730ba5892f,PAT000698
181cb4eb-bbc5-7b84-769a-1a5d5f443a1f,PAT000699
efab8033-06b1-6b28-44a2-93dc8d84f5aa,PAT000700
0276b327-4d49-1a5e-18b2-45c67bf2fcb9,PAT000701
d8065515-09dc-c9e0-48ce-b51127bd1f96,PAT000702
e59f4ad7-0b3d-afe3-bb26-7262b34ba9c5,PAT000703
988d7163-9b8d-123b-8f59-9941870aaaf8,PAT000704
1f2ee5ae-3be7-33fb-3b4f-a6e1f3878780,PAT000705
4945c016-e502-7b13-c894-ed8bce9de615,PAT000706
27420cbd-6ab8-d43f-70a2-bcc1e01368d3,PAT000707
3f75bbfd-56b0-6dfc-e49e-96d6064f14b7,PAT000708
ef23c030-4ec3-8cab-81d4-899574995507,PAT000709
da6d4064-8010-43e8-d71b-81722a254bd2,PAT000710
bf65382e-9257-60b7-72fa-bc3208cec708,PAT000711
8163585e-07bb-a3d9-1f19-c4350f01ab99,PAT000712
f1188538-ad82-ba71-455f-bbf384b692f9,PAT000713
6baf3e49-d5aa-6c2a-0e47-5658a278ca44,PAT000714
cbed783c-d5a9-bc89-9fa7-07257ae0cde2,PAT000715
d6df9cf2-f538-46c4-aa91-8f46355fcd16,PAT000716
ba1bf043-c624-7661-b115-4b93050f5ff0,PAT000717
353e7348-7f7c-5298-95a5-490b2b7a3734,PAT000718
1ba5bff4-1bbb-c0d6-8284-163e1aea7ff1,PAT000719
83bdea64-eb3a-8209-89ba-aaa64af4df5d,PAT000720
0221dbd3-2313-2539-894c-ec51553310eb,PAT000721
f2b6f30a-0e35-753b-b0f6-b4f3aac2560d,PAT000722
25519cb1-b4a9-2894-e796-4e2c5ef857e1,PAT000723
384c5609-f5c0-192a-56f5-445af82bbc71,PAT000724
b3bdd427-9172-4ace-3d31-e84e8edf1f2e,PAT000725
05809782-d9ec-f82f-bccc-4cd2fc3507ee,PAT000726
03bc088e-1387-cb97-601b-50c6de51af71,PAT000727
92cc76b1-5bed-909b-4e8e-5b4127ae05a2,PAT000728
c43604ec-2ad6-b5f5-a73f-0636d3b23638,PAT000729
1654c42b-59dc-cfb3-b521-21e17c8844af,PAT000730
009b1f14-46d2-3449-437f-3e34b0869086,PAT000731
2c329e29-d167-a42e-0b6e-8896b0a8d008,PAT000732
3e56cb2d-0cbc-df0c-6695-3aade0b6bf14,PAT000733
474e9076-bb2e-99d8-8faa-ea638b5b9378,PAT000734
94d38561-974e-d99a-79ab-5fd18bd57bf1,PAT000735
72c29cfc-f65e-78e4-54f1-d05647ce1ada,PAT000736
f891d002-c7ec-37da-d89a-60f2bb0de577,PAT000737
9c6f06ab-5d1f-793d-084d-838df4511675,PAT000738
90ca8d2e-56c6-7654-720d-ce97c55f33ae,PAT000739
3adbdf63-d40f-7950-4515-be86aafcbe2d,PAT000740
dab3d51f-345b-491c-bc7c-a5d7f616ce4f,PAT000741
c4f68a0a-29ea-8001-fa62-9ee8a0310cf4,PAT000742
432e4142-2eec-3cca-89c2-c760035d883c,PAT000743
4a8fd199-9a77-d7a4-c5b8-8c72d7c9a002,PAT000744
e14d0b64-6657-4196-70cd-4894be5c0531,PAT000745
0e3e8a9d-9c10-4f51-e26e-04d9fb3bcadf,PAT000746
1e1035c6-7a0c-7fa4-adfb-f1ed9f7a31cb,PAT000747
2f46de1a-a404-d101-ed6f-4889ed6e7cfd,PAT000748
c5f7462b-e038-0e95-1304-5813575fc42c,PAT000749
e7daf3d5-53c4-ef04-067d-ecfb92381d29,PAT000750
ff011611-351c-4ac1-123b-610855bfa4df,PAT000751
add2ce39-8450-8ff8-7706-c5424c31ae54,PAT000752
06bbd2b6-e835-2c74-44e1-0e8901c3ab3e,PAT000753
80e98f5e-667f-9823-922b-1bab04c265cd,PAT000754
5219a60a-1356-0f66-d3c3-e1286e8f2a6a,PAT000755
6d615b93-522f-527e-40a8-41dadfc709cf,PAT000756
ee7b9f54-9202-66d1-02d6-c2d430c65542,PAT000757
02f22391-5665-8492-68f4-6d697946bc65,PAT000758
506dd258-0fce-84bf-a4b3-22bb51cc0fb2,PAT000759
31647d59-2e51-9241-4e0f-3f5288de9629,PAT000760
63836672-11a8-b32a-32fc-9c9efa03eac8,PAT000761
9615364e-164f-fb37-00da-aa7e0b4794a4,PAT000762
9fae3179-a6b8-b6a6-a6ab-fe5642392813,PAT000763
2f8c764e-d172-4fb0-5b4e-fdd8ad67f19c,PAT000764
0315aa85-b96c-bb43-b880-b5b1c9fa173a,PAT000765
24cc3a3f-43e3-7695-b3c1-bf7cebe235e7,PAT000766
ea915c5f-827c-f7bf-7d23-0b800eb225e0,PAT000767
cd85723e-91d4-bff1-3494-a4166185369a,PAT000768
b0aec222-8f0b-a978-9521-7800b2940c02,PAT000769
60f83691-733a-464c-4180-2bc5db99714a,PAT000770
d3e9c9d6-9267-8fd5-c7c6-d73fc631d6b7,PAT000771
b7cff2cd-d885-265d-48be-f33428bb3ac7,PAT000772
d534fd7f-a248-4a28-313e-6973df47f877,PAT000773
82287ec1-49bf-9711-fa72-d28c72084030,PAT000774
6a2f898b-9bcc-9cd8-bb63-2cbb6e739865,PAT000775
698e045d-b89c-7d0c-d7a6-e539afb1d8e7,PAT000776
13f0f70a-9d43-b8ae-c6de-c29f7aa55e1a,PAT000777
cf232b28-4033-a0b5-92bf-d91f05971b6e,PAT000778
46791610-d867-3510-8ade-b3ca3e2d01d3,PAT000779
903b1701-af15-e677-6b79-8b62d9996050,PAT000780
3a5e2fd3-0e5c-b58d-9658-a95cbbe818c8,PAT000781
dfb855f1-5091-d209-35cd-9eea3c2de04b,PAT000782
8d1d55d3-6f90-ce18-07eb-318dc36ad51d,PAT000783
38057954-b1b9-db34-57d2-e0aa4b27fe83,PAT000784
e88b5569-aaa9-1c15-0a10-9e276443b109,PAT000785
9ac9ec60-0b85-d9ba-6fb5-bbcc6cb3e5ee,PAT000786
d293074a-a9da-b16c-0e94-a0fee068c232,PAT000787
11397887-40b7-8da6-8f98-85942cc21d5f,PAT000788
cf22d2ec-bb3f-5a10-fa02-6ce07ef0a3e7,PAT000789
5219603f-ba3b-5643-bfdc-05e2c9acb060,PAT000790
5d97adde-30b6-ecf8-b4c1-6b1ea3603a4f,PAT000791
df3880ab-cdcb-a6bb-c72e-00f014de17e4,PAT000792
5db0ea06-093d-e0ce-5bd1-c2a2a466c9f1,PAT000793
71f0dcf6-44f2-64b5-6e66-4d864394b349,PAT000794
6403f0bf-e5bc-4222-e0a5-0794ad5fa31a,PAT000795
559fe83e-07e6-6749-9df3-1330e518bdb2,PAT000796
9ec19228-3a82-5ac6-5e05-fb8af5e4e9c7,PAT000797
28c56658-8c0a-e74a-04cb-053c355c1160,PAT000798
53e1228b-d00c-9535-0a65-6dee1a0b3bd0,PAT000799
31fe8598-bd78-3e24-b6ba-181d8e33d113,PAT000800
7dabfabf-6dad-81ab-2561-f03b9bdb0108,PAT000801
0f1f2dfd-2cd2-d692-ede3-6dc540feef61,PAT000802
055c0bc5-e1ba-7bc0-6418-0a000fee5f6b,PAT000803
d56d62e5-8e56-f60e-9ad5-678e06f36878,PAT000804
62745386-6b37-b86f-2c0c-00ee148c95b1,PAT000805
6c83abd5-5fa9-ceed-1b28-9a3ab6bd5507,PAT000806
42bcb31d-8d7c-9076-6aa2-4faa5d40a667,PAT000807
086517e5-a157-b8e1-7fd3-31e8058b8831,PAT000808
b14b4653-6292-86b2-a14a-c31c744a4590,PAT000809
d216974e-ac32-eb5c-5313-29179de68bd3,PAT000810
108b73b0-a6ee-3230-ecb9-2bf9c8cc9b51,PAT000811
6f5ecffd-d508-7990-7fbc-a470fd21e9fa,PAT000812
d96e0c5a-6a0c-0824-fea9-bf6510e80283,PAT000813
3409bedf-59a2-170c-d1af-959158c19955,PAT000814
e25bd45a-c73a-c657-8ed4-45a68b3d32be,PAT000815
a855ad3f-7534-063c-55dc-b2ab4b896e5f,PAT000816
1d045e17-bca9-713c-7fd8-e24d9cdbb5de,PAT000817
6e8edd7e-20b4-2797-1501-b021a464752b,PAT000818
c58e7c64-b896-328f-f7a4-8cd0dbdff5cd,PAT000819
11e29146-cfa1-11ea-ace1-5b4efd2ce074,PAT000820
b1aaf5f9-30a0-ee53-9299-6120420e4ab2,PAT000821
2e2d1e2d-8f9c-89ef-74f8-08f56ae74f71,PAT000822
e1fa2d2d-5a7d-cb22-bbec-bbf97a160fc4,PAT000823
c72766ea-8ff7-0c6f-7d93-19a39f085ecc,PAT000824
d642f64f-6740-6cca-eae1-0780d8d02119,PAT000825
18b029e3-d673-b9f6-8863-4a35e6137ffa,PAT000826
c0c856c7-53bc-8803-6bd3-57200da62811,PAT000827
3da2723a-f9bf-c605-cd71-115bb37f71e0,PAT000828
7d3953b5-93f8-aa47-a501-83c7e8e0a1d7,PAT000829
12f0187f-f430-32d7-72ad-587c413463ae,PAT000830
a90fbb8d-542e-f8a5-7386-62f4c5c24dcd,PAT000831
41a3de8e-db40-02e1-f78c-c8be6328b84c,PAT000832
5dc04e93-9daa-89fa-5cd3-db2bd5111610,PAT000833
79c10262-8be7-c76f-0207-f49a988f8445,PAT000834
35245600-7f08-7f62-0d35-b002070e0648,PAT000835
db245bac-105b-470c-3dcb-c3728bd9d35f,PAT000836
1fb5ce88-c9aa-fb22-1265-e3ad019da766,PAT000837
0b4060ee-9d58-e5a5-17d8-7a638eee562a,PAT000838
b101be5b-efb1-f6b6-2213-ae499d72324c,PAT000839
e0510b38-1fe7-57fa-680c-9eb6e8e6de72,PAT000840
32998f19-d2e8-1e8a-401c-c222f63edb9a,PAT000841
81cb936f-7152-35e5-a3f3-48a919ea3f07,PAT000842
7cbb7603-d877-460b-1f4d-77fc829ea64f,PAT000843
7fc59332-ab80-a083-5c89-0dd0e810914d,PAT000844
5eb6fdec-710d-de97-d233-b67b2d8458f9,PAT000845
8ede9e86-f231-5500-b93f-44ad0b8a59f2,PAT000846
cfeb8341-2c88-9545-8a8b-9e1d0d7d7d6d,PAT000847
7eaa274a-11db-6361-a53b-c7e7ec030a3d,PAT000848
63c52fff-8756-be6b-04fc-2e360a4eaf62,PAT000849
1745d1d6-4195-a498-39cc-8517135bd417,PAT000850
4a407874-baab-b907-d724-4ea00f11c842,PAT000851
fd372404-3fb1-d6b3-93ba-ee3f64a2a4fd,PAT000852
585c4684-86d3-7876-611d-16c19f399c6e,PAT000853
a2430d16-f9c8-ccff-c0f3-e3d09178aa55,PAT000854
f35edacd-9a49-1193-57e1-2e6bac4156b5,PAT000855
c26e1e01-d92a-61ec-61be-826326943133,PAT000856
34fe367c-c461-e420-f669-97e33ad58996,PAT000857
9c7b7d94-08e8-76ef-efca-57a9ed71429c,PAT000858
ecb48e7a-7f3f-1de5-ab70-c69f22fe8594,PAT000859
ff4d32ff-9162-1d59-4bf7-0f14cd4743bb,PAT000860
1b883245-8eac-f807-e67d-53f22b98d60e,PAT000861
5ff6df22-4600-b3c5-7ea6-4e6a78735177,PAT000862
40d02fea-215d-fd0f-3f1d-925deff2ce78,PAT000863
7a02199d-0079-c8b7-a633-416719a54a31,PAT000864
e4595302-788b-c254-789d-132c8ab29587,PAT000865
3c09d822-7c82-264a-191d-795e11662dbd,PAT000866
7600c8bf-1fbc-1569-139f-a7a876ee58b4,PAT000867
3c9a61ce-ba69-d46c-7f8f-d18f8019283a,PAT000868
29ba0d39-6252-cd21-4c68-0833682c4616,PAT000869
4025bc04-34c1-4f74-f136-bfdc12a8eb7c,PAT000870
fd91562e-03af-8716-121c-371d84ffdde4,PAT000871
811464a8-2da6-6dce-b9e7-76d9f8f5e043,PAT000872
e8f251c8-019a-a994-74f1-730c92e366fa,PAT000873
94e6d5b9-c83a-d92f-4458-e4726b4a42ba,PAT000874
eb1ee7fc-def3-980d-47a2-7024d89acb98,PAT000875
8de51d08-f993-d24e-dbc9-22a8bbfa8340,PAT000876
e8505189-b6cb-c739-c8c1-2e176058eed4,PAT000877
056c6a23-aec7-09fc-6b72-d609acaed4a9,PAT000878
a77fe8f5-1e86-2519-90be-32efe8073e80,PAT000879
8d7faa81-a014-f558-b972-3d430b193291,PAT000880
8ca658a9-3ed5-9c87-8b95-fb48a4233bf1,PAT000881
6b607ddc-81cf-1fb0-2212-00fd0eeafb21,PAT000882
2bdca5d7-13f8-6f4f-fec5-cd4415fee9ac,PAT000883
10474486-d0e0-c1d5-3bc6-39f354c80abb,PAT000884
d999bbdf-56fc-fa56-d1de-bf8898d7c0d0,PAT000885
2fe500bd-675d-5147-4d81-3cce4594bae8,PAT000886
3ad5d6f5-ea58-34a9-c24d-48deccb5869e,PAT000887
4a78b703-09ba-ff44-8735-c075b2672ec6,PAT000888
aaf687a4-1097-bccb-857b-7d52dc846d76,PAT000889
097dc590-fbca-e25d-d54c-a44d8305f410,PAT000890
0f864615-a2f5-2ed0-679d-8d9c34857f43,PAT000891
48e1cbe9-f117-166c-049b-c6f0b93a2454,PAT000892
3de68b07-a8d3-488d-cc09-ea57ad0b2b29,PAT000893
219e8fd8-b0b4-579c-6bdc-2e3cca095e28,PAT000894
1c172999-d2be-1a15-cb9f-9a040032cd26,PAT000895
3292b652-04d2-d5a6-912e-8e8fd8969647,PAT000896
b85b0979-c4d4-7282-21c0-c1b3b0776401,PAT000897
edec29be-151d-2ad9-cc7a-ddee3ad230dd,PAT000898
153fb39f-09fd-7583-de58-ab424b6d6881,PAT000899
29fb8f5e-3def-3666-db54-5d0645e5010e,PAT000900
822e2ac3-d213-46c0-b545-336f80c4b735,PAT000901
daf70b52-8cd8-9b6a-11f3-a71b4969cd0c,PAT000902
1705954a-f9ac-dc95-e8d5-752082ed6357,PAT000903
d813f99e-e681-c8e6-7c6c-a419e322a301,PAT000904
252eeb98-7c10-c31f-83d4-7f8fc539bb82,PAT000905
3ae585f8-5759-baa7-14cf-8b1d8b4abd2d,PAT000906
01fd518f-6e56-8f1c-e08b-309bd9a69bf4,PAT000907
bfdda1b8-67ff-6cf7-0c09-ba5232efd8ed,PAT000908
058d9b75-871a-6e37-2be7-57f35b02948c,PAT000909
d993a1ff-51af-d3d9-38a5-272bc24eb0c2,PAT000910
a6911953-677e-167b-236d-423d5541c6e4,PAT000911
6be059e6-bdc2-0676-dda5-353ef0a689d9,PAT000912
05974524-8d3a-c5d8-5aa8-07c1c241fa7a,PAT000913
a699dffc-0839-6a16-fc63-09e90594cdce,PAT000914
d49d43c6-3373-16b5-4971-3293d1ade86f,PAT000915
d48c943e-d42f-6384-2a18-dfe6a7e7b914,PAT000916
d794354b-b4cc-284f-dd5d-07b512090915,PAT000917
7545256f-46f7-0495-adb4-91ff80ad35e2,PAT000918
07cdd455-7e02-6136-e657-e73cbb3da96c,PAT000919
3765ce7d-19d6-2b12-8bd8-82af8e022ee3,PAT000920
3a8caaaa-1861-2758-8cc5-d689ac599397,PAT000921
e73de632-26a8-25c3-9212-da2ef51ecc19,PAT000922
9176133b-0429-5ed7-db29-c1286c992882,PAT000923
f6590256-98e5-bfb8-37b6-d59ed825c942,PAT000924
fe46f753-af3d-81a2-539f-bb8a967d7497,PAT000925
e0eda91e-f51f-fb7f-8ae5-58158b3ac6fa,PAT000926
3f4b6a16-f60b-9ec5-9d4f-81df371d94f9,PAT000927
a39f9e96-3307-d792-ec40-84fd3d35e44e,PAT000928
0dbdc669-827a-2083-c7f0-aded8e4f5870,PAT000929
cf3e9619-3696-f6a9-87e6-1750f709c1bf,PAT000930
3c8fe22b-d00b-689d-652c-ece1ffe84cd8,PAT000931
492d7552-1ea9-1b6d-3623-65dd217b8cd8,PAT000932
18693032-1e18-433f-ccad-aef9d5e858f9,PAT000933
ed01589e-a727-796f-99d1-99f96412837d,PAT000934
312e49c9-25c4-5852-b33a-12e671081d0a,PAT000935
2e203010-4fb7-25f9-c566-f00e101613bb,PAT000936
76adaef0-35a0-05e8-3c92-b80a0db2e98e,PAT000937
51cb72b9-f8d5-0cc7-08f3-21dc4b7a6ed2,PAT000938
2a5fd119-1da2-f514-44d8-fee5b613161e,PAT000939
3a1f548b-9ead-ea64-f6d7-ff5217974a15,PAT000940
1090592a-131b-0885-3f05-c9cc462e6b34,PAT000941
0e6dd0dd-47b0-3804-81c6-ef4570d3f856,PAT000942
19a6db9a-46d7-cb63-07e4-e9809b60ace1,PAT000943
72227224-4e4a-a475-657a-5c83943704a8,PAT000944
6aac89a8-0bac-b3a9-40ea-a6838c9f43c2,PAT000945
8268eace-8a80-7e9a-8af9-6dd7890e6cfc,PAT000946
01a9cd63-629a-d3b4-ea7b-18cfb578e7bb,PAT000947
afece674-5a70-d08a-0869-564f5e3b62ed,PAT000948
bbf0443a-3550-a736-235a-8b684a82d1ed,PAT000949
f64c6166-3138-56ac-8a77-e8fe379a236d,PAT000950
b2295b11-ab69-eeb3-4c08-3088c788a01d,PAT000951
6be8159e-db51-599a-b599-19f3c929d535,PAT000952
b4f33370-6650-0f1c-af12-c8715ab12c6f,PAT000953
34276f7d-fb92-762e-fcee-10b42057c2fa,PAT000954
319368e8-cfcb-2b60-78db-2c19369bdbf3,PAT000955
8dcc417d-36f9-bae2-e83a-b9686894d875,PAT000956
d3138e1b-b838-cba1-12f5-d37178ec4255,PAT000957
bc4738c0-4a63-43b9-cfc4-7f45e838567d,PAT000958
feed91d8-bf6f-d00f-15f7-f6035dbb259f,PAT000959
37bfb6cb-0e55-3412-5890-7fbad7124c43,PAT000960
72b2095d-ab7a-b135-9a82-16aaebe68de1,PAT000961
139c0832-60a8-3029-581e-5c659570a207,PAT000962
2030c851-d070-9091-87ca-5c0c02969da2,PAT000963
4707e461-8bda-f440-a439-5d4d017999d8,PAT000964
6d52e5a0-b796-e505-8c57-43d72dfb5bc1,PAT000965
853ed6e7-74da-3271-8df8-395457f330d8,PAT000966
4e160711-626c-5578-8fe4-60469a0ff49e,PAT000967
6c271e06-e4ce-6975-8750-1e5804264c03,PAT000968
e2c6b98b-4fef-0e7d-7925-fc39bc4abbaf,PAT000969
8b41787e-c448-8cbd-d67b-0da61c1a17a4,PAT000970
688d5eef-d924-91fa-054e-6c8852f51974,PAT000971
9195e56e-1c54-b77d-be73-7e572c72cc87,PAT000972
aa912c31-81b0-c881-1cbf-3877828e9447,PAT000973
c870dd3f-0d97-61a1-85ee-069dedf0b77d,PAT000974
9d04b09b-f054-250c-73ae-f42054508f37,PAT000975
4747cce9-5ce2-09a7-be43-f08dc89135c2,PAT000976
be1a202e-7993-0cbe-5a86-4eb1c8300e52,PAT000977
120bcf5b-b7ad-05d0-bd1a-b8cee7ce61e0,PAT000978
73c1d123-9137-80ef-1bd6-c5829da9f29b,PAT000979
2d4ce4b5-188f-021e-ac38-ae75ecbdcdc6,PAT000980
a486f413-0957-290c-377c-0d6b3b06028c,PAT000981
fbf5fb77-4861-13c9-384e-e7f0c0cb4e84,PAT000982
441e637b-e7e6-638d-5396-01faaa674aac,PAT000983
30ff8ee9-a94f-d11f-86cd-42f51c941e1d,PAT000984
67328f15-5548-275e-fb65-41baf4d18c8d,PAT000985
e5b5fcc2-1aa0-c495-8c3f-8f84a5f7df1f,PAT000986
4b72ac85-d775-79c8-cb46-3804fb313618,PAT000987
1851c629-f717-7deb-0f69-d215ba1756b8,PAT000988
84014fde-56b7-1f33-2634-0be992927aa9,PAT000989
03819ea3-1110-a2b9-550e-85510f27bf78,PAT000990
2a18e230-a188-816d-8517-90f2310d07ca,PAT000991
e91823fb-c43a-c0bb-25f1-23e675fffb3e,PAT000992
d70d36a8-feea-f532-d08e-8f3a606c9f91,PAT000993
b8ceb60c-9afc-fa5a-d9d7-8ca62e18dbec,PAT000994
bce74e97-a5a4-2a4a-7bdc-bf0bfe5d7939,PAT000995
354b397c-085b-7431-d5ca-11391fd2ee10,PAT000996
567552ba-65b4-3ffd-4a2e-d1368281ae29,PAT000997
fae7bc06-6245-ee42-ec3e-402dad380f2b,PAT000998
9a1f102e-ec6b-13ba-4290-37c29fab7caf,PAT000999
5d4ce718-3b70-0c75-69da-1859e840705f,PAT001000
b199e45f-2993-285b-91e9-8caf7b49acb5,PAT001001
1a188527-284b-0163-7d87-0b7592b6c6d1,PAT001002
4b9a22f4-8803-4177-6031-5e726a762336,PAT001003
99c0712e-7079-c390-9580-80b0a820caa4,PAT001004
b2066b79-5dee-0fec-51e4-913ac16a4762,PAT001005
28a31357-cf6e-494c-f0ad-1f8091c09969,PAT001006
28406305-56b0-ef98-5265-464d2b50312f,PAT001007
c100d5f6-6d0d-bb43-bf94-17e6b65285cb,PAT001008
4424e401-479d-da99-d67a-180f85279f75,PAT001009
90f55df3-4cf9-1fcc-7cd4-c807c2392e22,PAT001010
ffbaf349-348a-5b3e-a228-d8251e737388,PAT001011
776c1d85-abbf-7118-4cc2-9fef8570a389,PAT001012
db6b0655-497b-9960-d6c7-22da834247f4,PAT001013
fc8bc09b-7570-6cd5-09eb-5f75e7542bce,PAT001014
19ceb89a-9744-c981-24fd-8479be3b65a3,PAT001015
0fee5916-389a-e357-fbaf-79dc212c5f68,PAT001016
c87fc0fe-fa27-505c-8057-85b73e0daba0,PAT001017
f3935553-45f0-1800-62e2-bbb37dd64900,PAT001018
d46191a3-919f-6519-b531-7557eae8bb2d,PAT001019
cd14eecc-72b1-60b2-20a8-4f97864fce26,PAT001020
79afe1bb-9330-43d1-1a4d-da84509518e7,PAT001021
ee840eed-9364-bf05-fdd7-e31ddb077860,PAT001022
41fbbc1a-5e68-180a-a957-e8e5b9c56093,PAT001023
e4ee951c-3f3b-e5ef-d222-b17cab47ab54,PAT001024
64c97f0e-d8f4-81ab-bfa7-bb9f59918c2f,PAT001025
676cfd67-be32-9a5f-40fa-34cfafa6f451,PAT001026
e89f5eb6-036d-c659-05ca-111980304524,PAT001027
eb232d8e-82af-76ee-057d-8c4d98ab5ce3,PAT001028
e42165ae-c076-849e-18e2-8a64d1eca2fd,PAT001029
1710b1d7-928b-6342-4cb6-271ad78fb031,PAT001030
e16b735d-7aba-6953-9c3a-ff09285a3866,PAT001031
b10328e3-7571-2506-2152-975fa9dcb944,PAT001032
ee00dad2-82ff-25f0-086d-b4a4b2a15af2,PAT001033
9749b910-075f-e00d-6840-89510dee0f55,PAT001034
50512de4-98e4-a43e-1b64-c9a44bb95182,PAT001035
f6db9ae2-5732-0916-c0dc-e6987a415b0a,PAT001036
e6949eb4-cf25-7de4-381a-d4a639c3bdd0,PAT001037
d8a55f4e-a73e-7834-009a-0d514d2f1753,PAT001038
97ebbf6f-d33e-8e38-c964-989790fc8e85,PAT001039
1c4a0787-c8dd-a560-3281-f980b91b52a3,PAT001040
1b1dc587-6dd7-5c1e-d457-11a3f36250f6,PAT001041
a49125a6-3dda-3d9c-f4b9-007d75c36ece,PAT001042
2829290c-43af-3600-ec61-690263472d0e,PAT001043
4b86bd81-699c-9c39-378d-34476acf2c2e,PAT001044
ffb80e8b-5b05-765c-148e-8b3d74633377,PAT001045
b0335734-3860-01a8-b5a9-7594cb40f243,PAT001046
168fae73-97d0-09c1-0bfd-7f2b87871ee8,PAT001047
adcdb50d-7c30-d58c-d2d7-48e6e16a3167,PAT001048
a5fb7cdb-6678-63cc-f8f8-1054b63dfe1b,PAT001049
938f5b6a-7c2e-90c9-b0e8-49267dd98560,PAT001050
93170857-bf36-26f2-7189-2ed685f6ec0a,PAT001051
605c8dd0-c624-abe4-0e28-14e2fbfef530,PAT001052
118e3812-cce9-276b-8b02-2a75b9023321,PAT001053
b251d5f7-cac4-e3c1-08db-823ee354c7c7,PAT001054
d14c59a4-8d3c-1eed-9184-25870adcbaca,PAT001055
2324dc17-1f46-b831-dcde-7d9e4fb9cc49,PAT001056
1496842a-0070-54fa-a76e-4ea193349003,PAT001057
c968c820-1886-04b3-8c44-83768b8b8d3c,PAT001058
ee5a8c6e-d2fa-9a68-5353-a2ed4f37580c,PAT001059
b55f6b26-aa66-57ff-e1bc-eb46717050a5,PAT001060
a4cca29b-8c97-69fc-e6e5-903b4fecd7e7,PAT001061
78178635-9093-ece2-524c-871320136010,PAT001062
360dae2b-98be-dd25-7aeb-1bd94ba2878a,PAT001063
16775361-bfcc-922a-1088-92af7cbd771a,PAT001064
872ea929-9fd8-043b-5138-6a5f52bf4fb8,PAT001065
9353d4d0-475b-e297-7222-56403a0e70a5,PAT001066
ad817a15-1f97-a99d-92ea-373741eebff0,PAT001067
1e1f58de-63e4-210b-fc00-7e651e27c8e3,PAT001068
5d72f40a-faf4-d95e-bf8b-c3878a3e2108,PAT001069
e19f6258-6205-322a-14ae-cccb9618a6a6,PAT001070
f28bfda0-f8d3-9826-07c8-d69d1ab77b0e,PAT001071
d2ce9b64-f0bf-439c-c3a2-65479e826371,PAT001072
58752d4e-8e68-4934-bfed-4796e0439538,PAT001073
047beec6-1a15-48ef-1a6f-d4415655b7e6,PAT001074
febd89ff-dc2d-e204-d7a7-b2e92412d361,PAT001075
9910bd3e-cd5e-349c-5266-82af8e3e7738,PAT001076
21ab2225-d03d-d7f3-6ff5-885713e1c2cd,PAT001077
67a7cf89-8083-5ba1-f0ba-db7849ae8c1b,PAT001078
909785b9-3500-7e5e-1fbc-51e004c960fd,PAT001079
a65959fc-9c08-1ef4-c172-a036ba933b2a,PAT001080
90b0f098-2848-1cbb-08fb-778b06cf7a14,PAT001081
5f429bfb-07c5-270d-0946-985e9af854fe,PAT001082
d1dc6eac-9cc6-60f5-f0b5-566a2c5672a2,PAT001083
c4c74168-f7f1-b6a2-d8bd-c5f5e9572f6f,PAT001084
e72a6553-cc7e-2ac8-0bfb-438f27cd3a5a,PAT001085
189cea33-f7c3-b8cd-9976-47dc53339bd5,PAT001086
f68191a7-aa77-7371-04c2-120dd75d02f1,PAT001087
3d71125e-0f35-c6df-d1c4-4f42a80135f2,PAT001088
dbd982f4-8c5d-7ab1-958a-ab5cfb6b1d74,PAT001089
c203e0a5-234d-9312-c8a6-b8b66f1cc109,PAT001090
2fa17a3b-73a4-cd36-4f59-35d92752bbd5,PAT001091
70a418b8-806a-f2f5-3e41-a0a3d4515388,PAT001092
b66e552b-4107-1c49-d29f-77a390f2792a,PAT001093
da1b675f-96e7-d07b-2068-e650495114ca,PAT001094
d830df3b-d796-be30-9796-c8c0bb266e71,PAT001095
3549dd44-8fa4-c07f-88ac-fa47c56efb90,PAT001096
c6b37cc8-ff55-0c33-eb06-d8816eb1e175,PAT001097
a634afa1-11b4-3fde-228a-237b4af631ed,PAT001098
5ae7ab2e-b7f1-35f3-bdd4-3914c49fbf18,PAT001099
fe8999cf-51b5-56c8-25da-65f094dc95ab,PAT001100
48ee706b-f0fb-93ac-20c6-d186b0d96645,PAT001101
b7dd552a-6bca-d5d7-615e-4a52912440e9,PAT001102
b59424a6-867b-b3da-3ef4-c805266d3c86,PAT001103
06d6ae53-576c-2fc6-a1e5-18975a9604cc,PAT001104
d219e73d-f5cf-0415-0dfa-b744bc20be02,PAT001105
3e2b25a8-a6c2-d4eb-8671-71ac41797117,PAT001106
0cfa7576-feee-2577-7ace-0972e2fb469f,PAT001107
f1a654fe-2032-d3a1-b28e-d0f4e8d042c0,PAT001108
9787cc79-4be1-d6fb-d4d1-8bb6f0ae39b2,PAT001109
fb0b4229-e0ae-1ed2-3465-2fd9f2521097,PAT001110
57f57073-a5f1-4ae8-4aed-6bd329cc0bd4,PAT001111
105b6c81-6f84-9837-aa2d-550cddb1b93c,PAT001112
31e15531-d93f-ffad-08fc-35f3bef03036,PAT001113
084a432a-d8be-3e0d-3c7c-e6cda1e7648c,PAT001114
77c68f93-c188-43c7-2d7d-51adb9e6bff0,PAT001115
4160f9f4-5c98-4cf7-44ab-b651f4b74e84,PAT001116
a025185f-3fc0-1207-e0ba-7018b70dd143,PAT001117
72e08892-d719-fe68-fb0d-3a7e9cb9ee68,PAT001118
7d05d9e8-774f-fc94-0d3d-20ee2f71e67d,PAT001119
4b07e362-3cd9-132c-8bf7-5a43d98d8bb3,PAT001120
0bdb8ec0-f1fd-0254-3439-845f385e7a35,PAT001121
7bc1bb71-d8d4-aaf3-f9a8-d474c66dcb79,PAT001122
f83e13ec-3cd4-946e-f7f8-0106467f4bfb,PAT001123
5235c44f-e3f9-5bcd-7ad2-58d40463601e,PAT001124
5088b4cc-c584-d85f-736e-20996a73064f,PAT001125
37e4333e-33a1-2630-bbe3-b0628cd98e68,PAT001126
75a0a256-9e40-4fc0-809c-a8d9c09a2aa3,PAT001127
2dd2191d-aaf8-fe41-0f28-bdf0514cfeff,PAT001128
e91709be-6d1c-0643-df63-44605bb3cb33,PAT001129
3d03e4d5-14a4-8d51-a258-f90d90fdae00,PAT001130
ec733215-cd54-e230-ddc7-8242c8ca1fff,PAT001131
