OLD_PROVIDER_ID,PROVIDER_ID
e6d5aee1-8acb-3f47-a74e-ecdac7231c63,PRV000001
50cc84a2-684f-31cb-bea3-563f35b93423,PRV000002
953a954f-d85b-310b-8307-3e9bf2a6ddd6,PRV000003
5280e36c-678f-3000-b608-7522860f8c58,PRV000004
dea3e5d1-96da-3010-a516-8bbedd418675,PRV000005
bbd19ebf-d22d-36a3-961c-3b2e6371ae6c,PRV000006
07a4f414-c976-3ab0-b445-177e4db8ae54,PRV000007
f523488c-4469-3489-bb28-fbec88b512c0,PRV000008
ba6448c9-807d-3bb4-8898-a98d132cfae0,PRV000009
a146a21a-fdb1-3e35-b899-39ff7f8d3741,PRV000010
26a4f6f4-0cf6-3eab-8f82-9602d973a7d5,PRV000011
6b2a79f6-e16e-376a-9394-e2f08ea4be04,PRV000012
266a4bef-0ec3-3ac8-92e1-06af39aef20d,PRV000013
85cf31cb-4b26-32a2-ae9c-d9d96270814a,PRV000014
8c923d74-687c-330d-b107-06bcb23ffa89,PRV000015
ec51646f-9bc8-3bde-857a-b9f9b1991e44,PRV000016
b2314477-303e-3016-a195-e43a665a9ccf,PRV000017
1991593a-c519-328c-bf61-52d24386267d,PRV000018
397ef489-49fd-34e8-afe3-36febf8ad056,PRV000019
1a9ff4a8-8ddd-31fe-8bb8-48f5770e7e6b,PRV000020
775c3874-1a99-3055-a3e6-7c6f51995028,PRV000021
7829651d-2bdf-3ba7-9b40-2bb515114a19,PRV000022
9d30e150-5a4f-37ba-a60c-f73bcc0b96f5,PRV000023
4bb2e999-2a14-3cc0-965f-4aab509e97db,PRV000024
b82db73b-08ce-3a6b-ac04-56b34ca7fdef,PRV000025
e7ac3048-ed8e-3c6d-a108-4dc5aff6bf07,PRV000026
039b7afe-6f38-3d01-b436-045d3fc0598d,PRV000027
98091f24-7afb-3649-87d7-072851954f18,PRV000028
9e1727a4-b6d2-38af-a9ed-b4631f00ed94,PRV000029
bc8478d3-f842-301e-86d2-c485dc0e4e31,PRV000030
7b1d66c0-2df6-30ce-a27d-a57545df92b6,PRV000031
b4744a03-8680-346e-9afa-460866907bed,PRV000032
1aab04b2-2381-345b-be23-2af906aff1cd,PRV000033
e6abf9b8-1fe8-3230-bf0c-7da98cace875,PRV000034
e61a3f76-d165-3695-ac05-0e035914c6ef,PRV000035
a7a2bd8c-a692-3a6b-86cb-356ecdd696e9,PRV000036
d138a197-d7d1-376a-81ca-85a438afe474,PRV000037
4d5ee92a-492a-391b-a2d8-a5bd82d9cbbe,PRV000038
6a573f4b-f381-3c8a-aaae-ffe5a0924e3b,PRV000039
ae1ef9c7-fcb2-3304-b646-b90279f6e373,PRV000040
96c52c6e-7e4f-390e-80c4-c4fce7ddd7b3,PRV000041
d81efecd-4b57-3a51-8331-72cd5dedc81f,PRV000042
74583461-ec28-318b-9375-a81a14752381,PRV000043
e0d08789-9be9-3675-a062-e0a3b6fa5ac0,PRV000044
2fa8ef17-1776-321c-b972-0cbbfd7941b3,PRV000045
1ebee9c8-75e4-3a80-9a26-c066037d3053,PRV000046
b9980b1b-f49f-31c9-be72-087dd8383924,PRV000047
de123f89-2a88-34c4-a8c1-bdd686760f1c,PRV000048
d4746c43-526b-3202-981d-cd77037bebd7,PRV000049
5fa9b9d0-1505-3ffc-9fd3-f555a0b16a6f,PRV000050
9d58431a-6261-38ac-8f72-99cb63407582,PRV000051
72564d2f-cbc8-35bd-9c43-760796d38d01,PRV000052
130a2331-1d41-3a76-bad0-f535b348e48d,PRV000053
98ae9469-e587-3e55-8597-3659b9562547,PRV000054
da0ff81d-c462-3789-a4f4-ed74e92d9b4a,PRV000055
04de8438-ef60-34f8-bf14-e52ea4b24bbe,PRV000056
a27ee4f3-3d02-37cd-b462-7f06f7fddae3,PRV000057
bd4e6b2b-cdba-3082-a4d5-5ec8972b9fbe,PRV000058
e51e6004-ab4e-33a1-a14d-10c086844266,PRV000059
2e95366b-e452-3358-8e4b-33a04c668c9c,PRV000060
c0c48de7-e7f7-34bd-979a-8c3b02e112af,PRV000061
955b61d3-d2fc-38b6-99c9-e08bad81dd69,PRV000062
1d9f78f4-bd11-3edf-863a-e0959b4806fd,PRV000063
8ad94498-6efc-3ccc-82c7-ea564ebcf85e,PRV000064
b162e373-5017-3ce9-ba20-366a78f107c4,PRV000065
ed370b89-8f8e-3a6a-97af-9164d1955b74,PRV000066
a8c63118-2cbf-3881-9fd0-0d287ba95147,PRV000067
181b064e-014e-3997-a698-c2b1f6d77fd7,PRV000068
25455843-e4a6-3f2e-877e-ca09dc63ee41,PRV000069
299c525b-8165-3607-908d-0cf4e0db82e9,PRV000070
efb09b5b-c435-3ed9-b540-8d44fe79609e,PRV000071
1103ae3c-6b61-3d41-91e2-c7e6558325a2,PRV000072
073c5057-495a-3ee8-9f6a-f485ba3d4ea8,PRV000073
bae53543-4350-3281-9c1e-216e895384d7,PRV000074
8e46b1bc-2383-386d-8150-079ad77da8f4,PRV000075
60279a98-2ff9-3a15-92a4-9c62bed949e8,PRV000076
8324a866-be65-3f27-9974-d6edc807097a,PRV000077
036f9d50-5df0-37a5-bd68-8908fe86d79a,PRV000078
72e8d987-77df-3070-9ad2-3659c4853df7,PRV000079
b332119d-e326-34c2-afd9-c49e7506fed7,PRV000080
34d3546d-26a6-3c7c-9a27-ce6fff0e7eff,PRV000081
4ec39ddf-b159-34f8-9f65-272ac111380d,PRV000082
c1b1036d-75b8-3784-bd9b-184563762be8,PRV000083
73282035-3c14-341b-b737-55861924b830,PRV000084
31b047a3-4f25-33ad-ab81-52ae3712e729,PRV000085
a2d149fa-f49d-3410-9049-ea32337938e8,PRV000086
b95cd2f8-0cc9-3c85-817c-728879348e66,PRV000087
b7a3636c-6ba4-3145-b05c-3a5bbba05a4b,PRV000088
2fbd9cc3-6a80-3fea-a384-39f4377a1b41,PRV000089
2c9e3c7b-1e75-3583-935c-daa95a6389c2,PRV000090
cb1c3724-a985-3780-afe1-2d999216b570,PRV000091
451e05ac-5ec4-3e93-badb-062d35a8876e,PRV000092
ac522725-8721-3d9d-bb6d-ea7e7eb25ef4,PRV000093
7f478a99-e3ff-3c41-979a-f776505d0e50,PRV000094
081e0ed9-4cd3-3199-863b-09866adee792,PRV000095
bbfc997e-a383-3c90-ab81-05ed38ab7b00,PRV000096
5f8d6836-8812-3e6f-916b-aaeae8ba58e9,PRV000097
f3978d0d-0cde-31d8-954e-3d19cfbb6d79,PRV000098
e4724513-5124-3ab7-979a-4e27f32d83bb,PRV000099
1f742cac-7c00-369d-8e7d-e9e6b5705d96,PRV000100
27d9df41-1513-3215-8056-d3292ccebc2a,PRV000101
7202cfde-ee46-3f44-a7f4-b9109162c243,PRV000102
01537aec-a121-349d-bc7a-9467c55850fc,PRV000103
0fab24b3-2264-3463-9c15-d759959a38d9,PRV000104
6ffd42b5-c37c-3c38-9bd5-727925777383,PRV000105
888cc2de-8754-3143-8430-1c6dfc7f9a6f,PRV000106
17f94a65-4500-3c1b-99bd-a6875197c9a6,PRV000107
e039ae3a-d0ef-376f-be1b-805f99d64984,PRV000108
ffaaa19f-41d0-3a23-85a7-0445f1c4e8de,PRV000109
632beb96-fff4-3e66-a8f3-b95e8dc0ce83,PRV000110
017b7fa2-6946-3706-bd81-8d88d919302b,PRV000111
f13ac0a1-6e6e-3fa4-9b15-181dc9d09db9,PRV000112
7a938cdc-2ac3-39d9-b519-908115d87d9e,PRV000113
ebf1ce89-438d-3ce9-8191-27855149f76c,PRV000114
068cf009-a576-33b7-aaf6-ef57dd00693d,PRV000115
9930ee24-2b96-332a-9d59-54cd081cd441,PRV000116
cacc04b2-2522-369d-8c5d-ff53fc36a019,PRV000117
9cee368d-f69e-39ab-80ed-890137d784b8,PRV000118
06cf2808-974a-3fb1-bed0-817ba348c1b1,PRV000119
6edc0a3a-bcc1-3335-87b0-e880005f2dfd,PRV000120
58c64ddb-2357-3eff-a635-549f51cc86ec,PRV000121
be850af7-4934-39d9-a861-32df109b9149,PRV000122
19786f99-07ce-35fe-9be7-4ff1b041d7c3,PRV000123
4c3b2d2c-4537-31b0-9e4d-d2e3a5996ed5,PRV000124
f08178a8-eb0a-3496-9b41-b949cb2ce2ea,PRV000125
557a5f86-e4c4-3e20-a7f6-c189889abe21,PRV000126
33fefe47-ddd7-348e-8c5f-0deda4258b6f,PRV000127
16e517fb-ccba-3b6b-91f1-f3a59cfe236d,PRV000128
09a1f9eb-e8e6-3fab-97a6-7c66063300b9,PRV000129
a32f3df7-5e20-3291-b586-63c7fb9e2bc5,PRV000130
8ebe3dc7-05ee-3a0e-9ac3-65fa89b8f512,PRV000131
e8b35d2c-d052-397c-a79c-1565caf7d638,PRV000132
e05871fe-fbdc-30c6-a866-040a599d765b,PRV000133
423e10e0-ebee-374a-a4da-588f6aaa6e72,PRV000134
439105c4-b095-35a4-a5b9-c2d895c09817,PRV000135
58a486a4-3808-31ff-aed6-c2a06585f492,PRV000136
ab4c3130-d557-36c3-9c36-07faa63311bf,PRV000137
444ca1d6-3d04-3f7c-b824-0e14ca39ca5a,PRV000138
7953c5c7-96ed-3727-b351-d1d52dcd643e,PRV000139
02f67404-fee0-3b1e-a408-180411167da6,PRV000140
7e35cf01-3df4-36d9-a81e-3e2f4b957ec5,PRV000141
39282d57-8971-3d45-87b1-fdb4ed5a4abc,PRV000142
eb6efede-dec2-3bf2-8d9e-e181368377e5,PRV000143
31fd3d5c-c964-38ab-8289-d8c82926a2ff,PRV000144
2d82b42f-e687-3b63-b9bd-f98b3120a4c7,PRV000145
0ffb684d-9357-3ab8-936d-23cee8530eb7,PRV000146
40ae13d4-e5d0-3ac0-a9cf-d37d0727af9c,PRV000147
3665ef6c-2d20-3aae-b6eb-0de27e2db478,PRV000148
e28651f2-6897-30b5-85c9-cd79780f632b,PRV000149
7d781627-492a-3c7a-95f2-1d00c099f639,PRV000150
80dfb724-3809-3169-9908-1d910164b2ce,PRV000151
988ba8a2-86dc-39dd-99be-495f9abf3f98,PRV000152
e17e257a-ee1e-3fc7-a2ba-c64c401d4d61,PRV000153
d9e70ee3-94ed-385a-b236-9b4367aa0c70,PRV000154
d6f9a5fd-9783-310d-b274-1a3ea1f5d8bf,PRV000155
591c3240-8b06-30b8-977c-5be563c251ab,PRV000156
1694ae22-6629-31ba-9b5f-3be04e845b63,PRV000157
e493d144-f83c-3ee6-93b1-e63bde9bb421,PRV000158
7fd6223d-e83b-36cc-84dc-c68383688e70,PRV000159
055e864f-9485-391b-a067-3714d6840990,PRV000160
29e56dd8-3c69-3ac9-8fe0-22b184a9237c,PRV000161
336d3f78-4344-312b-9ae5-f47b39f58fc3,PRV000162
9bfc7d4f-4ecb-3de2-bbef-32655732a6ce,PRV000163
130401ae-df28-3713-bc33-7fbcf67647b2,PRV000164
eed1ae54-26f6-3a0e-a6c0-95e1344b13c6,PRV000165
285d5d69-a1d3-3f0c-90fe-2a5aedd533eb,PRV000166
6225a5bd-dbd0-386e-ac84-20f13f261def,PRV000167
eb26f35f-8346-3714-aafe-fa27b18fb826,PRV000168
b28c6fdb-116f-3b9d-852e-271dbdf3c9e5,PRV000169
4bb5af16-cfe7-32b7-8109-273ca7311c88,PRV000170
4b834b53-ff90-3bad-b62c-ffa6532dbcca,PRV000171
8ebdbefa-4a09-36f1-8e62-3a00de1abe1f,PRV000172
21a6ce43-1d7c-3f48-80cd-f7511ae0d33c,PRV000173
a2b7eee1-51fa-3e6b-b18a-20f94e7ef68e,PRV000174
11a9adcb-1303-3a12-9612-b851ce84c697,PRV000175
dc3347e6-125f-35b7-90d1-2859ce4dd751,PRV000176
6dbfaaaf-ffbc-3748-956a-b2718aa2fe88,PRV000177
d0680cd6-b810-358a-8752-17b7a261cc94,PRV000178
0048cc4b-5c44-3f84-ac8f-23799bed484f,PRV000179
822ba824-cbe5-3f04-a84e-b0ca6b3ab481,PRV000180
b34fe9a3-b4ba-37aa-ba52-e331f5a89e6b,PRV000181
3a43a8f7-e42f-3979-b162-031632a11aac,PRV000182
fd6957d7-dadd-33c0-b390-d168e196625d,PRV000183
f464883a-0c3b-3486-a508-b78ef4e199b9,PRV000184
5e8326d9-8917-36cf-b420-cf3dab073edb,PRV000185
fcfff51b-0e23-3449-a15c-d2395dfb0e53,PRV000186
4d237931-ea93-394b-9d4c-60c526af6149,PRV000187
cdf73cc0-7807-3893-955f-d1c8cd1ee2a7,PRV000188
aa7eab24-3d97-3253-b70b-086c3579078b,PRV000189
8c737a31-0a83-353e-8651-167df4342bf2,PRV000190
da9d0c06-6064-353c-ae78-9c5c653e8737,PRV000191
fa8d79ed-965d-3e87-9f20-1fcfa53deb92,PRV000192
b4f83f28-edf0-3ce2-93c7-cbb13da0a659,PRV000193
f0c60aa5-203d-3ca4-bc0c-4f850de83031,PRV000194
d8355f65-d2d7-3ac2-80b1-2eb67cbc1bdf,PRV000195
2e7ecaed-e343-383d-8adf-b680c3882bf9,PRV000196
f9649cd0-5894-3267-8a08-1f5cb8aa3f19,PRV000197
8eae84e2-3218-3c8a-ae26-64b99e757527,PRV000198
eacf17e4-884f-331f-92a0-7ad3e56d7c3b,PRV000199
0c1d6730-6183-3455-bb53-8c80d616436d,PRV000200
e03b6790-bbfb-30e8-b390-51758d59c5b3,PRV000201
72a8448c-ab82-3861-90f8-8353ca14c5f8,PRV000202
cde6e993-7461-3bdd-a187-11043c0dc9e5,PRV000203
6d472f3c-d4b6-3947-9613-f869ed5b8a2a,PRV000204
6d41eeef-ee6b-3c17-b24c-ea13458f98d9,PRV000205
65b97803-2fde-33c8-8c6c-12a9ccacb405,PRV000206
0abb8a8a-0a2f-36bb-aa56-2f3384535d33,PRV000207
7b64d1be-3013-3b17-b9a3-705829b28d5b,PRV000208
219a05e2-49fa-32a6-8df8-68450a7cb811,PRV000209
7bcf51c8-b264-32aa-951a-bfb028ec92a7,PRV000210
a6df7375-15f0-3b0e-8362-b3603cf94675,PRV000211
871e4196-f446-33d6-babf-06b110371cac,PRV000212
52280687-1ecf-3409-9a60-665f899e376b,PRV000213
18d0af1e-ea49-307e-9a81-94b1842dc373,PRV000214
7c016f97-9a03-376a-abc5-be4ff4a0a210,PRV000215
891bb415-0758-35c0-a8b3-0ab678f0bcaa,PRV000216
66f56c30-e0b8-3e3b-9c93-8ba453cf8240,PRV000217
1b3878f3-5f2e-3580-81a9-7ad494269069,PRV000218
fc4c96ad-cb7c-310a-a33e-e7df9ad77817,PRV000219
9814d1ce-9775-3bd2-afd6-cd38d8e13ab6,PRV000220
c3d006a8-e60d-36dc-bf06-5a2bfa90887b,PRV000221
00258405-426c-3c78-af88-4fc352a0ee2a,PRV000222
9fc5bbb7-1417-3805-810d-56d79c64973a,PRV000223
09381608-ef6e-3909-9fc8-a1511c4a5cdf,PRV000224
d6036a5c-04a6-306e-b659-15c153b94ee9,PRV000225
36653860-563c-3455-9cec-38caaf38b5d2,PRV000226
1462394f-86cd-3a7e-9899-de291daae843,PRV000227
57c031d2-36f4-3d53-8813-c94c822192ea,PRV000228
a7381248-0a86-3f6e-9691-5123cee64eaf,PRV000229
cb6b49c5-fb7a-3cc9-add6-69464b5c33fa,PRV000230
391060c7-02c5-3ba5-8c06-a898c39bd501,PRV000231
2457ed60-2574-3cd6-88fb-841087625ef8,PRV000232
6adbb0bf-23f1-360a-80a9-dc81a0cb11b6,PRV000233
7eabebe7-ce19-3bc1-85f3-3d4136240d31,PRV000234
f3609c25-8a3d-3416-b6ff-b0682a9933a3,PRV000235
83b21303-cb65-35ca-9e4d-54d56bcb4502,PRV000236
796c2382-35f0-3095-8eb1-905d81acb494,PRV000237
bdae2644-48eb-36bc-b8de-e3071e0faba1,PRV000238
cef68d99-efb9-3cea-b065-fe9cd44230cb,PRV000239
5fd85854-509d-304c-a3c6-39778a994325,PRV000240
48573a74-b640-3b60-b6e9-01f1df1caf15,PRV000241
485878e0-651b-37e0-ae18-110679df52f0,PRV000242
126d7e5b-0572-3b38-ab8c-2076a4c903f3,PRV000243
43fd0edf-39fb-35f2-ae9e-f884a2feef8f,PRV000244
06173aba-1c78-3736-82ec-74879fca42ba,PRV000245
c079d315-a501-30c6-bf34-b052837f734f,PRV000246
e32079bd-cbfa-3479-92ea-f32d8c413114,PRV000247
082134df-5e29-3ab4-8167-4998021a6f00,PRV000248
3ebc1036-770f-31d3-ad8e-9fe55188c40a,PRV000249
3f2e49de-20e4-31e9-b3a6-b6f0aae2af93,PRV000250
06407e89-1f93-30b8-927a-38348e4d7490,PRV000251
ee432c38-4643-3f68-b779-9c297bededa9,PRV000252
0675fa96-a61b-3ba9-bc09-7a757a4b47b4,PRV000253
53c95e1f-4f7e-3a6d-af3d-f8cab55ed115,PRV000254
efe3e6c6-64cc-3892-b39f-67982ad4f409,PRV000255
00e5b8f0-a571-3649-b0d4-aa309b0484e9,PRV000256
15bc99b0-fcae-3f2f-93da-122ebc9cd9c5,PRV000257
ada9d09b-ca02-3007-9d54-d52b7ba63482,PRV000258
1cdbd1ab-15da-33af-9c66-cbba612e812d,PRV000259
8ba3d5e6-f3d1-3d1a-88f8-83235836327b,PRV000260
bd0a430d-9f42-314c-803a-65051059291b,PRV000261
948d571a-2a7e-3703-918f-effc64e1899d,PRV000262
6458010b-0b93-38da-a720-224a8a71a6e8,PRV000263
c701cdf1-7fea-3817-9457-59c3e94110ed,PRV000264
6df1e2d9-b587-3642-a8e5-289109797c70,PRV000265
6051e863-419a-3e9e-84d7-f4057eb7c7e1,PRV000266
34f1adaf-5286-3ea0-8a5f-e8160d703602,PRV000267
c2d8f039-ce69-3b2f-ab1f-cc97e1486b72,PRV000268
8d07e9fa-d330-3e61-9411-39159209f382,PRV000269
5e6dfb53-c2f6-358a-bb79-c1133104a63c,PRV000270
d17b72b3-d6b0-3bf3-91a3-cb0e1eb5bd73,PRV000271
a3236cd6-35a6-34f4-9043-6bffa6a54f34,PRV000272
e5b86524-d188-3e08-ac09-8cf09cbc656b,PRV000273
4612978b-5ee4-3848-9f39-fa6b1f8b9e70,PRV000274
1ce9f45f-c07f-36d8-acaf-8e6851a56dad,PRV000275
1c82f3cd-a626-364e-bf1f-315b913eb4d7,PRV000276
d05f8aad-8b27-3418-8d1d-8fc91c242783,PRV000277
d3d51020-b6e5-3a31-952d-752497b69e7d,PRV000278
e3971d97-d1e8-366d-8335-ad314a66252e,PRV000279
9ed2643c-453d-3fc9-a0fb-cd2f97ac9e2a,PRV000280
de9f642c-0b4c-3503-a3e7-458d867ebf27,PRV000281
046cc419-f25e-3d3e-9457-9acf728852bb,PRV000282
c84fac80-8c15-32a0-8833-2222e8fac45c,PRV000283
13a3041d-4192-33d4-a6d8-d143315dd5d2,PRV000284
0c8905d8-c842-36b3-8318-938ba1eb9908,PRV000285
ccba6434-2330-3e46-ac3e-fb5c38786d22,PRV000286
7fe0fe9b-d455-36e8-9169-e532cde31301,PRV000287
dea75734-b262-3390-afbb-db8eb5517781,PRV000288
febbf5c9-46fc-3f8f-86bd-f073adce3c3e,PRV000289
86bdb84f-5d01-35d1-9f1d-39cef4352f86,PRV000290
81f6d98c-9fd8-371a-8846-c4df0ebef4da,PRV000291
a43fda80-ba23-3978-b49d-91ab75cdca90,PRV000292
378637ba-2fde-3eb7-a50f-332e2faa6111,PRV000293
16fbb86c-4613-3f24-aac1-2af44ccbf882,PRV000294
d20c3f30-cc0b-3763-a53f-107deb47c618,PRV000295
476b3480-01ed-3f17-b20c-1fee7b1bf6d0,PRV000296
1d28ccc0-5737-3a19-88ab-a53d3204319d,PRV000297
ca3f9c09-a2ae-3765-a450-2bcd776e1c58,PRV000298
8464bb1a-d041-3896-a104-64ab82630ad3,PRV000299
406cfe88-4ed4-38d1-9262-be3cd576e34e,PRV000300
66f0b84f-5cd9-33b6-82b4-791dd41a2906,PRV000301
c3b704ee-2938-388d-bc4c-2cdb0b4f9442,PRV000302
a3bd0ff3-b3e1-3a45-a370-01785d5e6780,PRV000303
cc590d9f-b976-3d20-8b1f-d7dfd6adf300,PRV000304
f3a48382-2862-37bc-861d-c98420d7bece,PRV000305
1c571819-703f-351c-a385-14b372cfb2ed,PRV000306
6d2c1c0c-58d9-36eb-805d-fea0b577b986,PRV000307
9a72643d-38a4-3f09-b169-9366755440c1,PRV000308
6e540f3e-e57e-36d8-ace0-05e0a6a5a89f,PRV000309
370ef325-34d9-38f0-9986-e8ad5ac8043c,PRV000310
322eb247-6b87-3e98-89de-78c13edaf242,PRV000311
e24be242-2124-3d89-aafb-878fbe149e08,PRV000312
2efffea8-ded1-376e-b668-3a186a1dcd2b,PRV000313
35a7a239-0e4a-3b50-a78b-7f7a8b885775,PRV000314
853559e8-ee56-30e7-aad1-cb4848430e33,PRV000315
1104fe82-fba5-3443-bc03-10e79ac2bc74,PRV000316
6f2bef13-8981-3f3f-9f03-efdd28727941,PRV000317
5a01308a-6687-330a-bd0e-1f04dbef3ec5,PRV000318
92ef95ab-5d6d-3d96-8c7d-a73d574119d3,PRV000319
aaa94530-38f4-3704-826c-2ef29da54cf8,PRV000320
277fb4da-98e0-35fa-abdf-dbcf259ae704,PRV000321
e783da97-6fb0-3913-b0dd-eb5559141501,PRV000322
41efd6cf-bbb4-31c0-8d63-d8306848ba61,PRV000323
1b169127-cc6d-32a0-b87d-7bd1b5f8a316,PRV000324
e4cef194-9b7e-3523-999a-17f10f9b4f5e,PRV000325
afff241d-d46f-36d0-9aa5-f68cb6310850,PRV000326
38add211-b063-3943-b767-51cea96357b5,PRV000327
54326ab2-b67b-3010-8b89-722713e7fd50,PRV000328
cd5f7259-903d-32ae-87a3-61063f685a1b,PRV000329
7a284816-44ef-3f68-801c-9bb5c3ff39fd,PRV000330
653b2107-66ed-3538-b7e5-146ad81930b2,PRV000331
363a5078-2c4b-3e61-b4d7-e9cf418ca697,PRV000332
8c3d8ab0-7ece-3484-8974-0345181056a8,PRV000333
131c6abf-78bc-3b8f-b586-81d2998d0d40,PRV000334
fd82ed61-fee4-3232-8e9f-efc52d0c7240,PRV000335
ee50763d-b534-3ed5-918c-5f028558096d,PRV000336
9e222b47-a1e4-3fe6-ade0-20f8b98068d7,PRV000337
d9b4dfdb-b18f-3359-8a77-23d841f85dc9,PRV000338
36dfefe8-b244-3592-8f8d-085f76c5f562,PRV000339
9f7d3545-ec60-31f7-82da-16c7b14c357a,PRV000340
fb14c2ea-005d-3a2e-aa50-3afad3563641,PRV000341
ece91ff2-860c-38c1-bf26-37138d8cbe3f,PRV000342
eee003a0-e4f9-3406-8298-e4c9f468d279,PRV000343
1a7c2b4b-fc85-3336-af49-5dc265bd7785,PRV000344
8c82a03c-897c-3cf1-85e8-6048e201454a,PRV000345
ef304dd0-664d-3015-a003-5794f2caeb56,PRV000346
6a16074a-c9df-3e00-bf4b-437931a0c455,PRV000347
fccd70fc-6cac-30a2-a7ba-9f66d6ebcb8f,PRV000348
292bea5e-c44f-3450-bfc2-da0873de89ad,PRV000349
ef11b548-7a41-361b-bef5-9c463b91530c,PRV000350
2fe8af3b-ecb6-3b67-842c-b683ea654879,PRV000351
a55fc5c7-2ddb-3f40-87a6-361669402f5a,PRV000352
8e7404f6-326c-3122-8582-ecb693a626b9,PRV000353
e8f4ad00-b27d-3e96-8818-482df2bf47fc,PRV000354
c3f8196e-bb85-3cbe-8843-f9c49e09c15f,PRV000355
c2848c49-ad29-3bde-8c07-aeca3f1f18b3,PRV000356
e9e4ce69-e7bb-381a-9666-f8ce27f7814d,PRV000357
7a130384-578b-3111-ae0d-0e82a9faf9b6,PRV000358
0f8715bd-1612-3077-afa8-22184c12ede2,PRV000359
03124f80-5a35-3690-baf9-7adfab3d71a3,PRV000360
b9b7516c-191b-3623-9f19-e9cb662f1498,PRV000361
ec0c160d-5614-3905-ad49-ef377b3b4d72,PRV000362
2c7c3331-e5af-379c-9a2e-34cd25f38167,PRV000363
da104170-66c3-31d4-a4f0-5580ecf67c45,PRV000364
d0762780-b9c0-3257-9d08-6d25ff478ff5,PRV000365
8a36acd3-7249-334b-b619-b41a9f725a4d,PRV000366
c45b5d78-f83a-354f-9e89-c028810d69a7,PRV000367
16f8401a-7afb-3f9b-8cb8-4bc73383c44d,PRV000368
09e7180f-0cc8-3f22-ac5c-3df5454f8904,PRV000369
da8aa75b-cc38-3a89-b01e-c97ce5928ec8,PRV000370
727375c0-067f-320d-bddd-b060453800aa,PRV000371
893557cf-077b-3024-bd5d-bd46586c6514,PRV000372
9f75c664-a41f-3507-aa96-83055e9f5dbf,PRV000373
c2c2f2d5-dfb0-325f-8dcd-92f9865e1826,PRV000374
087b036f-04a7-3a59-895b-e26094997f22,PRV000375
68e9675d-89a6-3bdf-9102-799594287485,PRV000376
8b64a581-af52-323c-a0f8-9d53a9b7638e,PRV000377
611df3e8-e625-3051-bd2e-d1a98768ef2d,PRV000378
beeab795-270b-341b-893e-0ba8a4e4c18f,PRV000379
a23f2500-bb75-3af7-90d8-0e9bf9c5b13a,PRV000380
513a8d13-75fb-395a-8928-331b50dff342,PRV000381
b951de3a-bdb3-39c1-a68c-e6b8ea311c91,PRV000382
e1848af3-7397-3a91-8ad1-5ddc2248cdd1,PRV000383
bedaa2c9-6812-3ed7-bf2b-71eae523e333,PRV000384
a01ca371-4612-3043-a770-44ab55ef293a,PRV000385
08cfcb1a-0ad8-39d4-bf07-c3ea096a75ab,PRV000386
d9339d8b-e93c-3b36-a86e-153a425899d5,PRV000387
5ae9b110-af82-39d4-a10d-937bbc0860df,PRV000388
05151744-8f51-37b9-8a80-f5ce51933623,PRV000389
103cb743-5b47-3189-9b7d-8259772985d3,PRV000390
7588d6dd-492e-33f6-9b6f-b72ae710ca86,PRV000391
d5a0a921-3e45-3bab-ba1d-8e133d8b751d,PRV000392
225924f8-4151-3cbc-806a-67ba5e65bc56,PRV000393
e5a3d61a-ba03-3c8d-9f40-e1ba845a2809,PRV000394
4605aa5e-4b1e-3009-8e11-87f4ac42be8d,PRV000395
f79e23dc-fe36-37c1-8804-02f037ef2e97,PRV000396
ff48547c-7634-396a-a7d6-1020f7b84a8b,PRV000397
b45ec43b-77b8-3683-b86f-02a3247c7f8d,PRV000398
2df56bc7-ea8d-318d-b649-98f975ac0054,PRV000399
ef812581-e956-315d-ac39-87d17aec3384,PRV000400
0f7f4be5-1000-375d-9860-54e8c32d095f,PRV000401
f0437553-41bc-3878-9786-b9345fad9411,PRV000402
e8fcfee9-eed2-32e8-ade2-a883c8a45520,PRV000403
b2589fa6-84c5-3609-b1df-5f101cb4c74b,PRV000404
a4f5e457-d095-3e7b-9bda-66fb7590da4d,PRV000405
926aeb01-9b8a-3d1c-a94a-bb8a46c6353a,PRV000406
03069d23-c09e-34b4-970a-7ac2d00bbd86,PRV000407
39fefa47-90e0-3ef9-8f57-28d6e3ca1c30,PRV000408
bcc85d87-c5f5-3c79-8089-fbf36ca3982f,PRV000409
7e7de549-d2c4-3ad0-b9eb-d43526498fa7,PRV000410
8577358c-f77c-3591-9be3-f1058e0d3076,PRV000411
d5bc3ebd-8390-3dde-8a9e-1c0a2e80a0a5,PRV000412
daac5e5e-4dde-3bf2-9204-abd36743f8ae,PRV000413
a74fb68b-3e72-3585-bdad-e07300154717,PRV000414
0fde4ed2-bb68-3ad4-a802-96f08c9b116b,PRV000415
29f2e9e5-5873-3e7d-9a24-c4452e9d6b33,PRV000416
2c94c62e-8c09-3610-b8f2-8d705a8c6250,PRV000417
c5c0a407-7e97-3e48-80fb-b2fe829d0737,PRV000418
6dab3263-b710-3f55-8e1f-7eecbe301497,PRV000419
4bf91879-6edf-3452-968e-6ee64953df26,PRV000420
c748a89e-b934-3eb2-84f3-04e339337bfc,PRV000421
896d2b36-4363-3393-955f-d435a8acc142,PRV000422
924f26f2-8b65-374b-9235-985a3a6d6f23,PRV000423
d3a15e5c-6647-351b-b00f-f78261cf3957,PRV000424
4d5ff113-0439-3c4c-a868-653b88ed604a,PRV000425
1fadeba8-2515-3559-bd21-138217685dac,PRV000426
e8772e1a-32c3-37f3-8957-e1cf6105c809,PRV000427
2f2bddb9-d748-35fb-95db-2a670d551ea2,PRV000428
c1edb225-cf1f-3e3c-aab6-0182c348326e,PRV000429
a919f0a6-dae8-31d1-82dc-a690c7b98119,PRV000430
ae9ed980-6dd1-3fd2-9cbd-5640c911beff,PRV000431
f7dd45e6-f842-39c4-a255-dda55fead45c,PRV000432
6e24f8cc-5be2-3bb1-a6ef-205086deeb41,PRV000433
09ee19d8-0610-329a-ba10-86c0b9ba29d5,PRV000434
f78284cb-667a-359f-8303-243c42ce3cac,PRV000435
324bd7a8-3fe6-3ebf-a1f4-96e2d1ce9b45,PRV000436
0798d552-e83b-3bb3-8e07-2cf0f94aeb61,PRV000437
209aa79d-e340-37cf-9b8f-e1f95c87c26a,PRV000438
477f315e-cc53-3a73-a3dd-f4aae71ed54f,PRV000439
983b0151-16ec-30c9-827f-86b9f99f5c69,PRV000440
56bd2b9a-ddc0-3997-869a-32569be776c4,PRV000441
745ddf2c-01ce-3218-8cf6-9e8a8ba2d2f4,PRV000442
322292bf-e375-3e9f-8588-ea720da070ec,PRV000443
2f3a5e53-1a38-3ca6-93bc-3171bec189f6,PRV000444
dd66a4db-6326-3b6a-a5d4-efe4841c03ea,PRV000445
22488d99-5a00-3824-9b12-d20766b89230,PRV000446
a0f28dd2-335f-3108-9575-20c8d6910fee,PRV000447
ff7a99d8-6782-3691-881a-a33402b8ce10,PRV000448
abacc484-6117-3d02-bf07-c5bc929dee18,PRV000449
d325eddf-6830-332e-bec3-f7d32dfe5388,PRV000450
c0251aad-4217-39b8-877a-1b3e569d1d7c,PRV000451
55f79f53-4721-31b5-8fb0-172e2e18afb6,PRV000452
3e1e2c58-fd7f-3c40-aa2f-3ccb7ecf4e92,PRV000453
bce5f03f-9d05-30d5-9355-95f00a0e33f8,PRV000454
51186ffa-70b0-3a7e-a300-712bde8c5771,PRV000455
ea6b3f1e-bfc0-38ea-8bfc-5a7128587078,PRV000456
00113a6b-7aff-318d-a70e-e5cc4615b3ca,PRV000457
b0f80376-1360-3a0c-a8a8-20fc093dde29,PRV000458
56f67bd3-1f27-383c-8747-1bf5e2ffa02f,PRV000459
d29bdcc5-ecac-32b8-afdf-69e622e68361,PRV000460
94046238-4551-3e96-9a72-5b6e5b7726d8,PRV000461
e81ef1c8-8a5d-3044-971c-7c7306dc142d,PRV000462
c2fd2372-98cb-3000-887b-a02b2f5eab75,PRV000463
7f61c98f-2eee-3ad7-9f78-42387830b23d,PRV000464
0b8ae90d-9d68-3556-a736-fd9412019eac,PRV000465
87b03407-d259-3d74-9f02-66c0f5344577,PRV000466
27812bea-ac6c-3bbb-9640-cf5fbcf40d8d,PRV000467
447fff03-8b2b-3902-9fe8-e6ecb57c3cda,PRV000468
e475b2d9-02c1-331e-b092-3ba5af321125,PRV000469
29ea2124-256d-3dc9-acde-bd580f6a810b,PRV000470
1ced97d1-686b-3f68-91eb-5324c94d0319,PRV000471
5ea4922b-d372-3db4-82bd-ede57dda53ec,PRV000472
f71e5cf0-4e6d-3680-8684-52f2522e8ad1,PRV000473
04da79d2-ea14-3cb6-ab39-88e48b83862e,PRV000474
f24375d8-d00b-3a90-ae4f-840c2822256f,PRV000475
37f786f9-32b4-3837-8903-72a29f12f732,PRV000476
98f496d7-9c28-30b9-8431-ddd8dc0966e1,PRV000477
5fcdf567-1f53-3b8e-b290-381b149d1d01,PRV000478
d608c375-6f45-3ab5-a6c5-e7b8b1805ade,PRV000479
d0c610ee-1719-3bdf-b2ef-9281b382dc44,PRV000480
37e849fb-196e-36a1-b30f-dc4a71d9659e,PRV000481
33d57825-948e-39ca-aa0f-fdc5ec385f8d,PRV000482
bcda18ce-21e7-351b-bda9-6a075f68b1d0,PRV000483
ed1b256b-989b-3b6c-88bf-2839f3d1b13d,PRV000484
aabe58bb-8ac8-3eac-8223-ae92d46cb83c,PRV000485
db0b010e-6d84-3a2b-baad-cc7c870f9b36,PRV000486
e12b3b6f-9d25-346c-b109-ec66cf16b341,PRV000487
b7c00fe2-5571-33b7-83a1-7670ad056292,PRV000488
b2a8e3e8-849e-32a9-8eef-740147123bdd,PRV000489
7255c443-2ed6-36b1-a490-4714f4991adf,PRV000490
4411b0a2-555b-3f38-8e36-500277d14d74,PRV000491
ceb348e6-9091-318b-93ea-93cfb6b1da3e,PRV000492
f91b23c6-8812-334b-adf3-a44512542e0b,PRV000493
b727273a-97b2-39e6-832a-3626542ef814,PRV000494
a1ef715c-b44c-3f7f-8dd9-5ac79e99eab1,PRV000495
4d7376dd-4ba0-3b78-8731-ad807ccb0320,PRV000496
a4c910cb-0512-37a1-9586-902644d398e9,PRV000497
d79025c1-8d90-3971-a31a-3db67d12403f,PRV000498
b559f3d6-9698-3aa3-96c5-69c1b6790e3d,PRV000499
bcabdf0a-cc1c-398e-be63-4a4f8612aa76,PRV000500
e5886247-8b07-347c-8e64-3342a37a5eb9,PRV000501
f0115434-30ad-3897-abf3-a21c48046672,PRV000502
0ecdf11c-642a-3a27-8242-40f8095a164b,PRV000503
0f467225-dd20-3156-b542-e3e508db7244,PRV000504
9dc4f998-9f06-385b-a3f0-bc5b8cd9ccb8,PRV000505
87f6beb9-59c4-30b9-8a14-edfd3e0c0cb4,PRV000506
5a38b74b-cb03-3082-a614-2582bebba55e,PRV000507
9d9f0457-7220-3850-b52e-6ef94ab14167,PRV000508
425eb0bc-3ff8-3490-a79c-d7e7733e6384,PRV000509
2a82b8af-8591-3126-9157-d9616f885662,PRV000510
7fea17ae-4c93-3bcc-b15c-3303c72a869a,PRV000511
b9f715c6-3a80-37e0-87de-c1230cd18a50,PRV000512
22bf2f0b-6f0f-3538-b8ea-19bca5bc7a8d,PRV000513
fd108b1f-9b55-3326-98c4-707b849ce823,PRV000514
78160431-dd06-389b-834e-f1a7a08b0cb1,PRV000515
a4e49e52-bdc5-3b37-867a-02bee81f725b,PRV000516
813c5f6b-8e9b-34e1-a4cb-59b7c0a7ff56,PRV000517
cbeac145-a0f9-31ee-abf2-8d9e9b20a058,PRV000518
7fd47994-5d7c-331b-99da-1fe5094a6e75,PRV000519
6e26c30d-e77e-33e5-ad38-0ec83a525608,PRV000520
f153a305-4bef-3390-b12c-08297ff24806,PRV000521
9eb4dacd-1f35-3c64-adf7-d1722ce7b5b3,PRV000522
adbe7da8-3202-3fc7-9236-0fd65d10f997,PRV000523
59af4a36-5f34-3692-a9b1-f6d9da9c1367,PRV000524
8c87d795-75bc-3501-b877-6d10e63e7a34,PRV000525
be383c98-a22c-3266-94a4-4ab12c4b5472,PRV000526
d7a2e38b-a8ea-3dc6-804a-6d3e31b0414f,PRV000527
af0d947c-e140-3bb3-9bba-f237070dfe35,PRV000528
23225074-1b76-32e6-9297-b789bc77454c,PRV000529
6c13af56-5dc2-3ab5-9587-26c71ea30b6a,PRV000530
60e0f48f-b064-337e-a667-41b68621664e,PRV000531
17b72bd1-f395-3225-a462-75816165631a,PRV000532
599506d1-21f4-3830-8f34-f9f41714ec3e,PRV000533
aea78b81-521d-348d-91cf-7702f8b4290e,PRV000534
45f3e9ce-8f12-3c80-8f52-3001fcff70e7,PRV000535
b4257248-282d-3696-8df7-b218fd6efdb1,PRV000536
50dfd5e6-467d-36b7-9383-898bd3fee725,PRV000537
44dfecb8-bc96-3232-82a8-02d1a7e4ee3a,PRV000538
ac0eac46-86fb-3e74-86e8-db03ebae7844,PRV000539
e2e3016c-7e14-3bc9-b261-a51898746e1f,PRV000540
9499efdc-88b7-3e3c-8812-09e86b41ced4,PRV000541
24dca1ab-61eb-3f04-b94d-4f3eaceeee61,PRV000542
a2a21089-8d11-3cbe-b6ce-03bd6dd96cb3,PRV000543
16d07b6d-9277-3b4d-b509-af8d4a5b3a86,PRV000544
671349e4-8b18-3b52-b465-1f6eb8832c57,PRV000545
9d74c20e-20d9-387e-8dde-030191bc67ff,PRV000546
50a7fa0e-344e-3644-9be1-5de3e532420b,PRV000547
76f20d97-952a-3a36-ae3a-24a5d2694a0e,PRV000548
ded6cae8-5235-3133-80d9-a5af21a56c60,PRV000549
23c4373c-1f98-30b1-b025-3485f1a1f15a,PRV000550
a24b0226-a3f1-3cfd-9968-5f23352348c4,PRV000551
8510af28-d692-301b-8bb0-b41759661ffd,PRV000552
7b98d0ac-523e-37b1-bf46-d2c23f281b32,PRV000553
ebd0355c-c152-3818-bcc6-b8be55cdca0b,PRV000554
bf6c7371-42f8-3256-b59a-95866485de43,PRV000555
067462d8-f96d-3afd-aa31-b07eba3dc7bc,PRV000556
1da4290f-c7f2-3c57-a7cb-2779a0cba490,PRV000557
25bf7b3c-39b3-364c-ac1c-2fe10cc99461,PRV000558
83945a3a-63ed-3517-95da-1d95d871c10f,PRV000559
17aeffa9-596d-351e-af73-d571322783ea,PRV000560
f52c8e20-5a26-3808-90bf-67ed9091d378,PRV000561
1cbfda07-b3c1-3c1e-abf4-f06cffa80ad5,PRV000562
b7bcd6a4-367f-3f7f-8fd4-8415474339e1,PRV000563
47748d15-2993-3722-a943-eeb37e0e5f9d,PRV000564
d932e4f3-86af-3f66-874b-3885a7df904a,PRV000565
de3aede0-612c-3493-adfb-2f7498024fba,PRV000566
5cdfd6c1-d6f6-3a86-b1bb-d5f55921d865,PRV000567
9f8754ad-ba5d-3eb4-ba6b-f640cd8be21e,PRV000568
6b1f0e8b-4fff-306b-b846-f49d56a5e672,PRV000569
641296d4-3572-3c00-9f6e-cc3e081cb4d1,PRV000570
e03a84e7-52bc-3f95-bf5a-4bd9dcc9f071,PRV000571
81a54b0e-281c-38a3-8ca3-b8f0749cbfbe,PRV000572
1e2e7209-f800-3510-92c0-bc6ae01d9dd1,PRV000573
710d3268-33df-3534-afc7-5b54b6d711b8,PRV000574
7a307352-7cee-3aeb-97e7-93005b62cf8e,PRV000575
5eb9b25c-4ff9-3137-adf1-ecad80636f2f,PRV000576
07e66341-0d91-399b-af0d-8ca0afd532bf,PRV000577
e53ae0a9-c437-316f-9f43-c72d263d472e,PRV000578
4577ada8-0a42-3cfa-bfa3-caaabc1ffc52,PRV000579
b433a980-213e-33e7-9c73-dc446b8bd802,PRV000580
ceb68f71-6e28-3a2b-bbbd-c1eaecf8750e,PRV000581
57a18e78-ab34-3860-872c-a9296930c429,PRV000582
f504d674-a181-367a-bbc7-cdec82d44836,PRV000583
dcf658ca-9d5b-374f-920e-52b5af02bd39,PRV000584
dd44f802-3389-3334-a7e8-86e507ba25be,PRV000585
d6d6be94-5db1-315e-8e57-8045bd78648a,PRV000586
831a228f-2ea7-3aba-a23b-7dbbd08b0808,PRV000587
0eaf1171-0b9b-31d6-844c-022bb25defdb,PRV000588
7def5a91-1e69-3f18-9ac9-86882eb7622b,PRV000589
dbc25e9a-3d20-36f9-ab0b-5d71b9a23a5b,PRV000590
ff0fc177-bfc9-3103-a175-6fe5f3a31d8f,PRV000591
7e5142c9-f374-3471-b94e-3dc2828be1a5,PRV000592
2486ebc8-150a-3801-94a3-5f27088433e6,PRV000593
d6379c20-0c1b-35a6-a0ae-4b7132a30497,PRV000594
d579395c-4e23-3097-be99-7c32656697c7,PRV000595
b30ca4fb-1a28-3f87-8ac7-e7c4385cf4bf,PRV000596
b25402e9-89e8-3e33-babc-5aad8fc0f645,PRV000597
c5d684d6-77d9-3399-8bc1-2d0233e7c0ad,PRV000598
f8abfab3-2d9b-30c0-8bc0-631e83834c7b,PRV000599
8b3e043a-3255-36bb-862f-65e2ff6ba635,PRV000600
835959c1-c305-33dd-ac4e-4dfd9449308c,PRV000601
52370534-940a-3b81-93f4-2abaa1dfc8da,PRV000602
9a85ce59-359b-31c5-b046-62a1f2bee570,PRV000603
19fd1bcc-3790-356c-a824-f4a8e211dc0d,PRV000604
b5ac3ae2-3c0a-3abb-8087-0c18e721624b,PRV000605
5093cc8a-bf4a-3e42-b57f-238dd23baaa3,PRV000606
14f9d962-ac18-3683-8705-aa3084e98a38,PRV000607
cf78f8df-d174-38e3-bfe0-02724f7cf5d9,PRV000608
5c6b7be4-e8ec-3b1c-965e-b47ab9b80d1c,PRV000609
15dfa2c9-750a-35f8-a12d-f97ea2e37f1d,PRV000610
f91bfd62-65a9-3290-ad4a-4b702af48ed8,PRV000611
b998ee56-08c5-30b9-b132-5684ca0c30e9,PRV000612
b7954dda-3b8b-3ee5-953d-76d26c9a6b99,PRV000613
81664933-3a84-3dc0-b00f-6bb83d578595,PRV000614
bedf1d28-b82d-3fe9-ba6c-4ffdafb60e61,PRV000615
df1e929e-4c0f-3d11-b054-4141d0f7f643,PRV000616
273d5c15-ad0e-35fe-8ce9-847109e8a785,PRV000617
95a0ebd2-7ddc-3c3b-b3d2-80bcf0a53f70,PRV000618
e32802b5-afae-315d-bf82-e144d0f16393,PRV000619
6278b4dd-6679-3fc8-9f8d-efdc882fe17f,PRV000620
acc56948-dcad-36ae-9a81-a19191f14005,PRV000621
0778b103-c0fb-3dda-9d85-c453ef176859,PRV000622
7afe34b0-3b17-3421-a08b-0c84f124d7a6,PRV000623
c97bf82e-8eac-3f49-8e4f-6ef20ee1e7de,PRV000624
f2846bb6-49c6-34fb-be29-12db1e426c8c,PRV000625
cd83a70d-4668-3454-85aa-cd5ada945c13,PRV000626
a895345e-67f9-3a84-a7ec-c8d85e81e228,PRV000627
461fae1a-84fe-3707-af3a-74ce895a58e7,PRV000628
0a93bf36-817e-3ae1-8740-4e675eab719e,PRV000629
95b412fd-b824-35ef-905d-d9da756ad30d,PRV000630
f520a8fb-6706-3f81-8649-e88422bc35ee,PRV000631
a3999596-1bd0-31ba-9829-c9fa51192291,PRV000632
7aaebae7-4df7-3c6b-aff0-c86714b819e3,PRV000633
2a804749-2380-3d22-a69a-afb431725f3d,PRV000634
8e3a16ad-b08d-3068-a975-44e0638a58a5,PRV000635
03374d34-4e4d-3488-97d8-8c4a53c1cdb6,PRV000636
b80510ee-9172-373c-b80c-0a586562b4c2,PRV000637
5ed6ea39-d058-31b8-9d1a-5e52126d699c,PRV000638
c9a0bf12-2dd9-3994-879e-473a22b0cb8e,PRV000639
ff4ce425-c82a-377d-a152-8a7b94032b2f,PRV000640
6fb3727e-3b1c-3557-8c22-5d9dd0b133be,PRV000641
6a7e509a-b5fb-3538-9912-e3152e4592b4,PRV000642
db68fb20-93a2-301b-a445-7a0a98fe84ec,PRV000643
13d1771b-430a-31d1-86fb-ee5d9faa9dd2,PRV000644
a23fada0-bf9f-3a47-9ef5-fa008586fe91,PRV000645
ed1e2786-f479-3d53-b793-27b976e44d49,PRV000646
34b8921a-2e05-3a7c-afb5-476e4083320c,PRV000647
0c22c86d-d153-3274-a6d3-0da3741aa0a0,PRV000648
bcab3799-56a1-3d6b-8688-efcfa83bb222,PRV000649
7af9d5cf-e40d-3fae-80de-95d92a9d7482,PRV000650
e3f9d53e-6d97-35e9-b2ae-213760faac29,PRV000651
8e71005a-455b-32d3-8299-44a01eda2546,PRV000652
ed88e921-6fb4-3d1b-8f55-bb84f4047469,PRV000653
0c02e368-b0e6-3c17-b5e3-c43e560758ed,PRV000654
65ade71d-c0c3-33fe-92e7-e67088d2b25f,PRV000655
d64ffe60-0455-35aa-9b44-857d53e0a13b,PRV000656
06057386-77b5-36ec-a28b-f7e7aa693271,PRV000657
2314d0d3-f498-36f0-991b-be072573f41c,PRV000658
c645dab6-f994-3b1d-b9e1-37536c86a069,PRV000659
7319c3e7-4631-3ca1-a3a1-60c350c2b8d8,PRV000660
41eb0b91-3eac-361b-87d6-4d3b9688edad,PRV000661
214708b6-5fbb-38e4-a527-0a52c37c59d6,PRV000662
597afb4b-4bf4-3c50-b5c0-c3ba61d61d88,PRV000663
1a4183c1-f119-34a1-93bb-c294ce1977e0,PRV000664
3145343f-1173-3331-88ed-168657196364,PRV000665
189f9ccb-a5ad-3fbf-948f-c07a0c28faa6,PRV000666
10922a31-d2e6-316c-9dc5-af11f8a5933a,PRV000667
f3971960-321b-3e87-ad36-e805fbc98fb9,PRV000668
5fdc7fea-c490-3dd3-ab93-4651fad3ae9b,PRV000669
c74a044e-2bae-3c7a-bca3-5648f06da190,PRV000670
daf69b31-0b4a-3d7e-8345-06668a4b821c,PRV000671
91a4c711-0860-3d23-99fb-3b7d039f6682,PRV000672
95170718-3aff-3067-b1d7-6e78909e00b1,PRV000673
f738d790-c62e-306f-9bbd-d435d57b3fa7,PRV000674
dea87797-774d-3cce-8394-eb637b109cb4,PRV000675
26d6be94-1969-3b9b-b708-29e8867944d5,PRV000676
ebc6c5d3-bec0-3f3c-bbe2-b1be8e5adff8,PRV000677
33912e8c-d050-3682-95fa-27f7907253e9,PRV000678
83b6efa7-df3e-348e-81be-26130ac1886d,PRV000679
aab29cd3-ba85-3dec-8437-5dcee9634206,PRV000680
1af31435-b27b-33cb-a297-e15cc1ce73be,PRV000681
54b3dc22-ed6d-3bbf-9b27-f34b892b35ce,PRV000682
fe39c94e-66cc-35a1-8528-9a6ef5742410,PRV000683
16dd3ee5-9f6b-31af-a1ff-92acb0490d21,PRV000684
df7d6fd1-0c49-318c-a247-95386cc41049,PRV000685
6d05a80d-22db-3c4a-b8bb-cc1ffc429433,PRV000686
05d19fcd-c9ac-3cc5-9404-217e995030c4,PRV000687
e19b7a23-123f-364f-8e1e-1a88e1bd5cb6,PRV000688
72b7dff0-1ed3-394f-b6ac-055d8afcb92b,PRV000689
cc2f98b9-351f-3095-8409-86674de57141,PRV000690
3d6e3058-4076-3bb9-aab9-b9249ee8a9c9,PRV000691
aa08f25a-e900-3189-9689-6c73c23948a3,PRV000692
9271b999-9bb8-37d4-b9bc-67cd3058d7fb,PRV000693
8d98b97a-dbd4-3373-bc1c-6c5a51c4f35b,PRV000694
264909cb-8409-36db-b90d-73b599390ca7,PRV000695
c4177845-a0c7-37e6-8f00-3cef5ec30f45,PRV000696
a7277c89-cf41-3a7a-8ad4-bba9ef19bf9a,PRV000697
4a4c7675-dc3b-3388-ab2a-3c6f849cf5cc,PRV000698
01bab315-8663-376e-a9bf-30df036a0913,PRV000699
17b8f127-74c7-35ce-9f01-4928913a3ce7,PRV000700
cad4cc89-df13-30e2-9f25-b5aa8305284f,PRV000701
3d2518f8-ce53-3559-9c7c-0324b24c3bdb,PRV000702
4686d66d-36c1-36ab-a7cb-499a6202accf,PRV000703
ae50d573-2d88-3d81-9aee-87207d9cbd62,PRV000704
439f879c-4de1-3ef8-88cd-366b2f16b31a,PRV000705
363f75fa-5e6f-30fa-88fa-cd6ebbb77e3c,PRV000706
ac8d9e0d-a377-3c98-b3b7-fd7dce298e05,PRV000707
c40634e3-c499-3d41-9e83-6f782ed61320,PRV000708
d6c04af6-2c69-355e-87fd-d9b7fcf43245,PRV000709
e475859c-a095-3211-be8e-b2cb32ae4e6e,PRV000710
fb035044-5b2d-3c82-b4b1-d9f6e29724cb,PRV000711
e8dca2f9-7252-3bb2-a763-d8463d2b2467,PRV000712
dbbd8f1d-34e3-3dd8-9f09-17cd02e3f32c,PRV000713
69654534-9583-3823-bea7-c2e1eedd20eb,PRV000714
a78f26b9-6713-30b2-b409-5afdf3140306,PRV000715
98338d00-d84d-37ec-bb01-f73fd63b1835,PRV000716
a6c37627-885c-3e07-8e50-b4d5b3f1dce4,PRV000717
c721cc44-4bd5-36a2-8580-2b493bbfe968,PRV000718
1e99b17e-d1c9-34fc-941a-784c53d5c3fd,PRV000719
4ed56820-8775-356d-ba72-2771334ac6aa,PRV000720
4415927c-f3cd-3f6f-9e23-a8d9664f7191,PRV000721
4892b07f-bb2e-326f-bd44-c52a20eb3da1,PRV000722
65166fe4-1884-33f4-adbb-9ea283aeb147,PRV000723
21dbba33-a7ef-30f3-885e-26941196ac25,PRV000724
c38971c0-3b21-3648-90fc-4c4fc9aa4d99,PRV000725
0b231812-3cb8-3875-b80e-95a502d9680d,PRV000726
817f222e-ff9e-3868-82db-27a46bf342ce,PRV000727
755e0e9b-9711-3244-abc0-5816dc62d790,PRV000728
0fa8bf37-bd45-38a4-8a0c-0b8aaba5ab9d,PRV000729
643fcdee-266b-3681-bba1-03d6bd230564,PRV000730
e93f06c0-2d81-312c-84ca-a09fd9132936,PRV000731
d791be95-744f-36a6-a677-dde4f4538d74,PRV000732
9437a634-fc78-3919-89c1-84ae94d9263c,PRV000733
94df526b-6b43-3a6a-8396-e41ef0d46b1d,PRV000734
946f6dc6-53ab-3de0-9e76-c99e6319c255,PRV000735
8f4832f5-cb9b-3b55-96b3-830d5554a65a,PRV000736
bddb8020-3d29-3d47-b232-a985dfec1efc,PRV000737
190a8524-7ce7-37e8-a10a-dc9d3d5a8086,PRV000738
a1f2ba5e-04b7-33a1-a48e-9535b028ba79,PRV000739
ffd6e176-8b5a-3048-bd99-5ddb830c3717,PRV000740
51d41432-4c0b-3408-9b0e-beb1567dc2d4,PRV000741
2c84573f-d77c-373a-a539-82f93154c3c1,PRV000742
abe489a2-df9a-39a8-b933-d4329cb1c73c,PRV000743
f4ce6229-fe10-30fa-a9f1-197d5969c184,PRV000744
72730aca-5886-30e4-8b80-0d9873c7f69a,PRV000745
ed8430f7-b1e7-3528-8db9-8db5fdbc59fd,PRV000746
95a62764-7c34-3f16-af4a-f536f239c0c2,PRV000747
ea289128-33ef-3dc9-9997-2f05fc3446b5,PRV000748
efad46f7-93ba-3390-98e9-6d2fe0dff274,PRV000749
4cb5b771-e2d5-3daa-a009-f441a45585c9,PRV000750
9885c35a-4c3e-34ab-8629-ca3bd16934ad,PRV000751
d927bd43-1cb4-3165-9b7f-03f2c287f5b7,PRV000752
b301ec1d-cc1e-3c0b-bd9f-3943434d44e5,PRV000753
b6d2ff57-651c-3667-b284-20582882dd4f,PRV000754
625c8fc6-0809-373a-9ed5-2aae696dcef2,PRV000755
9e7bb881-026d-302d-b474-c7ad770b202b,PRV000756
5a23b54e-5c61-392d-9e25-fb0953e98253,PRV000757
454e5067-a31b-30c7-92a0-5494ef53e8a4,PRV000758
06c99bfa-bcbc-34b7-94fd-c8a84ba3071c,PRV000759
8615d5a0-ead7-3e41-8c73-6f4bcb4fd7f6,PRV000760
010030c6-94d9-353c-b0ca-710baa0da627,PRV000761
d7d8735b-f8e7-3487-a304-89e963fc54a9,PRV000762
168f5adf-b7ef-3ccb-811f-6de914d07ad5,PRV000763
3e606274-b3c1-3c71-938b-732fe41467ec,PRV000764
121acfd4-3324-31d9-96a0-4d74bde61639,PRV000765
f50e02e2-0eaf-3a0c-be8c-27928e445371,PRV000766
9f4cffd2-1b1c-3cae-9dd1-335d4fd7df7b,PRV000767
94031ccf-7839-3f5a-a41b-9e479f66b89f,PRV000768
9d6e5bc9-9e08-3212-aba0-8711433acc5a,PRV000769
fb5e0027-5b1e-3b41-84c0-47234e091914,PRV000770
488cdcd6-0aa2-38a0-8120-16b0536049f4,PRV000771
73416cdf-aa1d-3c0c-8047-4bf711a855e0,PRV000772
9df44e7c-971e-3d3c-9719-2c9e905c413b,PRV000773
67f8e152-790a-3786-b95f-5a76555defe5,PRV000774
c8adc8d2-2380-302a-9412-e5e130c2043a,PRV000775
471d9f24-f31b-3afe-b433-d7f641901f94,PRV000776
6a91100e-7bf7-3819-b16b-7b8e0ddbd314,PRV000777
80337c5b-ef72-376c-8420-7d30b624b6a7,PRV000778
5c1cde8e-5d01-36c0-a14e-e0080063516e,PRV000779
bc450cf1-c89a-3ee0-ac7f-5da1a4161226,PRV000780
d124339d-c8f3-3e92-be22-300428846a4a,PRV000781
01e32185-b5f2-37aa-87bd-c8cc8ed914a5,PRV000782
f63db90c-852f-3665-9600-ef6def3c3857,PRV000783
3e35a70d-64eb-3744-8aac-442f8d24e31c,PRV000784
42045b67-39f1-3c61-aff8-c48c1aa6ac32,PRV000785
4771fb11-b4f4-396c-b05a-238816f0e4dc,PRV000786
5b8d884c-c255-3c15-8535-a1ca4a8d5295,PRV000787
eb2c110e-a522-3894-aa5a-b35982fc2520,PRV000788
e00ef72e-ac40-3cf7-8659-593485462b6b,PRV000789
a3f69f6c-a440-36ee-bcf5-1315754f4f1d,PRV000790
8c381e6a-3897-3b3d-bad5-616a9e725f7c,PRV000791
f040cd81-38d6-3f54-8767-e26f77f4a348,PRV000792
4315b79e-b79a-3435-841a-0152ea107f44,PRV000793
2467dd5a-cc8a-3f84-9aa4-bb44c1846542,PRV000794
4c7b6f22-00e5-3989-a314-37621d76f64c,PRV000795
1f278cc5-d0e2-317e-aa6b-6899e2ab55c0,PRV000796
72d2385b-a768-34be-9f90-73350917f4e6,PRV000797
b82272a4-052b-3504-916c-1be20f84f503,PRV000798
6ecb8a78-cb00-3cb5-80eb-5015bab630a2,PRV000799
11b665fc-88d3-3c80-90d3-20aab841e2bb,PRV000800
02d4b891-572a-3b16-a211-f2e7df50f759,PRV000801
480a5bd5-d2a3-3482-96f4-cf6037618352,PRV000802
dc99077c-f1ca-31bf-9c4f-461717d407aa,PRV000803
7421a68b-e5cf-3527-8238-5a48cda61536,PRV000804
106e6724-b301-3311-8ebe-cf7c2fab63f1,PRV000805
d37bf483-614e-364e-9178-143d4f1f93ab,PRV000806
5f17bca0-a41b-3ccb-9cfe-a277fb51160f,PRV000807
d2136b19-8f94-37b8-b234-d1235c4e604b,PRV000808
fc563520-4071-38a8-8fbb-16e068cb145b,PRV000809
f4eae017-a11a-3858-b683-51e2a8f60d29,PRV000810
8add581f-dccf-348c-b041-7132627c329a,PRV000811
cfcca21a-51dc-39fb-b94a-96b1793a4774,PRV000812
e22fbd0c-bb8d-3d6d-a583-aeaf0411a9dc,PRV000813
016ec552-3477-3423-93d3-c8f7ecaa79cc,PRV000814
8752d65f-0c97-346e-bb01-b5a8ea428b9f,PRV000815
ff9c4347-ce0a-3744-b882-713b9952c327,PRV000816
7875c577-becf-392c-9524-dbb5c347cbea,PRV000817
7047dc8c-06dd-3133-aaa3-847c1504db44,PRV000818
632999f8-0b1e-3b87-bab7-db8891c6d9c8,PRV000819
4d99d1a5-c3e5-3741-ac7e-bf2881e3acf5,PRV000820
dbfbb3b9-8179-3603-8c37-d31b3e2d6850,PRV000821
b5c0f69b-aea8-3677-a1c0-483f7bd6d9ac,PRV000822
706e1e0b-77cc-3b35-94ea-b481bc117c3d,PRV000823
b8cc1dc2-60ce-3f41-9704-e02342f7215c,PRV000824
2a421702-4555-34e0-951d-75ad3f824483,PRV000825
2b495547-e3ac-330a-a1cd-a7c3cd460192,PRV000826
a9b31edd-ae26-37f6-b50f-caf3bd6933f8,PRV000827
cd5299ed-9d09-3283-b5ab-4ba80ccc6e8a,PRV000828
8fa2b430-5af7-3ef4-98b5-e7ba5e6379a1,PRV000829
f88e0df0-85ad-3246-919c-a70513e78f93,PRV000830
44d2518f-f787-34c7-b48e-5131ad84e043,PRV000831
9424a1d9-bb78-3a15-ad0f-458c3c8ee213,PRV000832
3b7602a2-16f4-356d-99d1-b0e5f3490249,PRV000833
8c1aa1c9-63b8-348c-a394-e2e9ce59b1a4,PRV000834
a82183ea-3a4f-3aee-bc6c-d48068475c97,PRV000835
3f6a73ca-2b7e-36a8-8c7a-7af7cd4788b4,PRV000836
5e0783ba-5edd-37fe-bcef-5604eb8954f9,PRV000837
ae9c5693-f6d2-32b2-8b30-0d95ef3e64fa,PRV000838
99981f66-00f1-3afa-9122-17481da5fdb2,PRV000839
