PROVIDER_ID,ORGANIZATION_ID,HOSPITAL_ID,HOSPITAL_NAME,NAME,SPECIALITY,GENDER
PRV000001,ORG0001,220062,ADCARE HOSPITAL OF WORCESTER INC,Ted955 Reilly981,GENERAL PRACTICE,M
PRV000002,ORG0002,220029,ANNA JAQUES HOSPITAL,Terence292 Brakus656,GENERAL PRACTICE,M
PRV000003,ORG0003,224013,ARBOUR HOSPITAL,Jaunita130 Armstrong51,GENERAL PRACTICE,F
PRV000004,ORG0004,224018,ARBOUR HUMAN RESOURCE INSTITUTE,Lindsay928 Ward668,GENERAL PRACTICE,M
PRV000005,ORG0005,224021,ARBOUR-FULLER HOSPITAL,Nereida276 Feeney44,GENERAL PRACTICE,F
PRV000006,ORG0006,221303,ATHOL MEMORIAL HOSPITAL,Jules135 Emard19,GENERAL PRACTICE,M
PRV000007,ORG0007,220016,BAYSTATE FRANKLIN MEDICAL CENTER,Gisele901 Lehner980,GENERAL PRACTICE,F
PRV000008,ORG0008,220077,BAYSTATE MEDICAL CENTER,Marcos263 Vargas494,GENERAL PRACTICE,M
PRV000009,ORG0009,220065,BAYSTATE NOBLE HOSPITAL,Milan77 Anderson154,GENERAL PRACTICE,M
PRV000010,ORG0010,220030,BAYSTATE WING HOSPITAL,Vella930 Ankunding277,GENERAL PRACTICE,F
PRV000011,ORG0011,22001F,BEDFORD VA MEDICAL CENTER,Bradley693 Runolfsson901,GENERAL PRACTICE,M
PRV000012,ORG0012,220046,BERKSHIRE MEDICAL CENTER,Donnell534 Mosciski958,GENERAL PRACTICE,M
PRV000013,ORG0013,220108,BETH ISRAEL DEACONESS HOSPITAL - MILTON,Thad495 Leannon79,GENERAL PRACTICE,M
PRV000014,ORG0014,220083,BETH ISRAEL DEACONESS HOSPITAL - NEEDHAM,Adolph80 Farrell962,GENERAL PRACTICE,M
PRV000015,ORG0015,220060,BETH ISRAEL DEACONESS HOSPITAL PLYMOUTH,Riley817 Bartoletti50,GENERAL PRACTICE,M
PRV000016,ORG0016,220086,BETH ISRAEL DEACONESS MEDICAL CENTER,Francene766 Kuhlman484,GENERAL PRACTICE,F
PRV000017,ORG0017,223302,BOSTON CHILDREN'S HOSPITAL,Daniel959 Ankunding277,GENERAL PRACTICE,M
PRV000018,ORG0018,220031,BOSTON MEDICAL CENTER,Isaiah615 Waters156,GENERAL PRACTICE,M
PRV000019,ORG0019,220036,BOSTON MEDICAL CENTER-BRIGHTON,Demetrius568 Moore224,GENERAL PRACTICE,M
PRV000020,ORG0020,224022,BOURNEWOOD HOSPITAL,Marchelle563 Hettinger594,GENERAL PRACTICE,F
PRV000021,ORG0021,220119,BRIGHAM AND WOMEN FAULKNER HOSPITAL,Jolie499 Parisian75,GENERAL PRACTICE,F
PRV000022,ORG0022,220110,BRIGHAM AND WOMEN'S HOSPITAL,Johnson679 Pfeffer420,GENERAL PRACTICE,M
PRV000023,ORG0023,220073,BROWN UNIVERSITY HEALTH MORTON HOSPITAL,Angelic427 McCullough561,GENERAL PRACTICE,F
PRV000024,ORG0024,220011,CAMBRIDGE HEALTH ALLIANCE,Joe656 Jakubowski832,GENERAL PRACTICE,M
PRV000025,ORG0025,224031,CAPE COD & ISLANDS COMMUNITY MENTAL HEALTH CENTER,Tyree261 Kutch271,GENERAL PRACTICE,M
PRV000026,ORG0026,220012,CAPE COD HOSPITAL,Randa356 Ritchie586,GENERAL PRACTICE,F
PRV000027,ORG0027,220017,CARNEY HOSPITAL,Troy560 Dooley940,GENERAL PRACTICE,F
PRV000028,ORG0028,220015,"COOLEY DICKINSON HOSPITAL INC,THE",Anthony633 Toy286,GENERAL PRACTICE,M
PRV000029,ORG0029,224028,DR JOHN C CORRIGAN MENTAL HEALTH CENTER,Gerardo48 Graham902,GENERAL PRACTICE,M
PRV000030,ORG0030,224040,DR SOLOMON CARTER FULLER MENTAL HEALTH CENTER,Tracey100 Champlin946,GENERAL PRACTICE,F
PRV000031,ORG0031,220084,EMERSON HOSPITAL -,Connie24 Reichert620,GENERAL PRACTICE,F
PRV000032,ORG0032,221302,FAIRVIEW HOSPITAL,Maxima831 Fahey393,GENERAL PRACTICE,F
PRV000033,ORG0033,220135,FALMOUTH HOSPITAL,Leopoldo762 Moore224,GENERAL PRACTICE,M
PRV000034,ORG0034,223300,FRANCISCAN CHILDREN'S HOSPITAL & REHAB CENTER,Lucas404 Klocko335,GENERAL PRACTICE,M
PRV000035,ORG0035,220111,GOOD SAMARITAN MEDICAL CENTER,Chance908 Bednar518,GENERAL PRACTICE,M
PRV000036,ORG0036,220095,HEYWOOD HOSPITAL -,Kim439 Friesen796,GENERAL PRACTICE,M
PRV000037,ORG0037,220080,HOLY FAMILY HOSPITAL,Jeremy766 Hudson301,GENERAL PRACTICE,M
PRV000038,ORG0038,220024,HOLYOKE MEDICAL CENTER,María Luisa888 Jiménez568,GENERAL PRACTICE,F
PRV000039,ORG0039,224045,HOSPITAL FOR BEHAVIORAL MEDICINE,Kathrine376 Reinger292,GENERAL PRACTICE,F
PRV000040,ORG0040,220171,"LAHEY HOSPITAL & MEDICAL CENTER, BURLINGTON",Lou594 Fadel536,GENERAL PRACTICE,M
PRV000041,ORG0041,220063,LOWELL GENERAL HOSPITAL,Gracia333 Schuster709,GENERAL PRACTICE,F
PRV000042,ORG0042,221300,MARTHA'S VINEYARD HOSPITAL INC,Williams176 Kilback373,GENERAL PRACTICE,M
PRV000043,ORG0043,220075,MASSACHUSETTS EYE AND EAR INFIRMARY -,Rudy520 Mosciski958,GENERAL PRACTICE,M
PRV000044,ORG0044,220071,MASSACHUSETTS GENERAL HOSPITAL,Hallie315 Auer97,GENERAL PRACTICE,F
PRV000045,ORG0045,224007,MCLEAN HOSPITAL CORPORATION,Carylon722 Corwin846,GENERAL PRACTICE,F
PRV000046,ORG0046,220070,MELROSEWAKEFIELD HEALTHCARE,Mickey576 Borer986,GENERAL PRACTICE,F
PRV000047,ORG0047,220066,MERCY MEDICAL CTR,Cristopher265 Heaney114,GENERAL PRACTICE,M
PRV000048,ORG0048,220010,MERRIMACK HEALTH LAWRENCE HOSPITAL,Delbert384 Tromp100,GENERAL PRACTICE,M
PRV000049,ORG0049,220175,METROWEST MEDICAL CENTER,Azzie965 Ziemann98,GENERAL PRACTICE,F
PRV000050,ORG0050,220090,MILFORD REGIONAL MEDICAL CENTER,Kimberlee228 Barrows492,GENERAL PRACTICE,F
PRV000051,ORG0051,224046,MIRAVISTA BEHAVIORAL HEALTH CENTER,Rod343 Kohler843,GENERAL PRACTICE,M
PRV000052,ORG0052,220002,MOUNT AUBURN HOSPITAL,Laverna97 Rippin620,GENERAL PRACTICE,F
PRV000053,ORG0053,220177,NANTUCKET COTTAGE HOSPITAL,Shirley182 Baumbach677,GENERAL PRACTICE,F
PRV000054,ORG0054,220098,NASHOBA VALLEY MEDICAL CENTER,Shayne60 Pacocha935,GENERAL PRACTICE,M
PRV000055,ORG0055,220088,NEW ENGLAND BAPTIST HOSPITAL,Frederick289 Kiehn525,GENERAL PRACTICE,M
PRV000056,ORG0056,220101,NEWTON-WELLESLEY HOSPITAL,Humberto482 Mann644,GENERAL PRACTICE,M
PRV000057,ORG0057,221304,NORTH ADAMS REGIONAL HOSPITAL CORPORATION,Lino542 Johnson679,GENERAL PRACTICE,M
PRV000058,ORG0058,220035,NORTH SHORE MEDICAL CENTER -,Marcus77 Schamberger479,GENERAL PRACTICE,M
PRV000059,ORG0059,22009F,NORTHAMPTON VA MEDICAL CENTER,Raquel318 Zaragoza109,GENERAL PRACTICE,F
PRV000060,ORG0060,220033,NORTHEAST HOSPITAL CORPORATION,Thersa321 Farrell962,GENERAL PRACTICE,F
PRV000061,ORG0061,220126,NORWOOD HOSPITAL,Cole117 Block661,GENERAL PRACTICE,M
PRV000062,ORG0062,220020,SAINT ANNE'S HOSPITAL,Mohamed943 Jast432,GENERAL PRACTICE,M
PRV000063,ORG0063,220052,SIGNATURE HEALTHCARE BROCKTON HOSPITAL,Tamesha39 Rodriguez71,GENERAL PRACTICE,F
PRV000064,ORG0064,220100,SOUTH SHORE HOSPITAL,Dinah304 Kub800,GENERAL PRACTICE,F
PRV000065,ORG0065,224041,SOUTHCOAST BEHAVIORAL HEALTH,Lesha323 Emard19,GENERAL PRACTICE,F
PRV000066,ORG0066,220074,SOUTHCOAST HOSPITALS GROUP,Garret233 Thiel172,GENERAL PRACTICE,M
PRV000067,ORG0067,220176,ST VINCENT HOSPITAL,Carmen818 Christiansen251,GENERAL PRACTICE,M
PRV000068,ORG0068,220008,STURDY MEMORIAL HOSPITAL,Tambra47 Nolan344,GENERAL PRACTICE,F
PRV000069,ORG0069,224043,TARAVISTA BEHAVIORAL HEALTH CENTER,Trinidad33 King743,GENERAL PRACTICE,M
PRV000070,ORG0070,224001,TAUNTON STATE HOSPITAL,Adán600 Hidalgo930,GENERAL PRACTICE,M
PRV000071,ORG0071,223304,THE SHRINERS' HOSPITAL FOR CHILDREN - BOSTON,Livia401 Rippin620,GENERAL PRACTICE,F
PRV000072,ORG0072,220116,TUFTS MEDICAL CENTER,Les282 Pollich983,GENERAL PRACTICE,M
PRV000073,ORG0073,220019,UMASS MEMORIAL HEALTH - HARRINGTON HOSPITAL,Noreen211 Stroman228,GENERAL PRACTICE,F
PRV000074,ORG0074,220001,UMASS MEMORIAL HEALTHALLIANCE HOSPITALS,Diego848 Pouros728,GENERAL PRACTICE,M
PRV000075,ORG0075,220049,UMASS MEMORIAL HEALTHCARE-MARLBOROUGH HOSPITAL,Carolynn568 Von197,GENERAL PRACTICE,F
PRV000076,ORG0076,220163,UMASS MEMORIAL MEDICAL CENTER/UNIVERSITY CAMPUS,Sparkle906 Bernhard322,GENERAL PRACTICE,F
PRV000077,ORG0077,22010F,VA BOSTON HEALTHCARE SYSTEM - JAMAICA PLAIN,Lynn917 Cassin499,GENERAL PRACTICE,F
PRV000078,ORG0078,224047,VALLEY SPRINGS BEHAVIORAL HEALTH HOSPITAL,Carrol931 Wilderman619,GENERAL PRACTICE,F
PRV000079,ORG0079,224038,"WALDEN BEHAVIORAL CARE, LLC",Alena861 Rolfson709,GENERAL PRACTICE,F
PRV000080,ORG0080,224044,WESTBOROUGH BEHAVIORAL HEALTHCARE HOSPITAL LLC,Jovita355 Muller251,GENERAL PRACTICE,F
PRV000081,ORG0081,224023,WESTWOOD PEMBROKE HEALTH SYSTEMS,Aaron697 Kohler843,GENERAL PRACTICE,M
PRV000082,ORG0082,224039,WHITTIER PAVILION,Buck819 Johnson679,GENERAL PRACTICE,M
PRV000083,ORG0083,220105,WINCHESTER HOSPITAL,Terence292 Conn188,GENERAL PRACTICE,M
PRV000084,ORG0084,224032,WORCESTER RECOVERY CENTER AND HOSPITAL,Rachele486 Nikolaus26,GENERAL PRACTICE,F
PRV000085,ORG0085,220062,ADCARE HOSPITAL OF WORCESTER INC,Omar359 Schimmel440,GENERAL PRACTICE,M
PRV000086,ORG0086,220029,ANNA JAQUES HOSPITAL,Denis399 Frami345,GENERAL PRACTICE,M
PRV000087,ORG0087,224013,ARBOUR HOSPITAL,Jesus702 Roob72,GENERAL PRACTICE,M
PRV000088,ORG0088,224018,ARBOUR HUMAN RESOURCE INSTITUTE,Concepción765 Pérez790,GENERAL PRACTICE,F
PRV000089,ORG0089,224021,ARBOUR-FULLER HOSPITAL,Gertha313 Sanford861,GENERAL PRACTICE,F
PRV000090,ORG0090,221303,ATHOL MEMORIAL HOSPITAL,Annmarie79 Barton704,GENERAL PRACTICE,F
PRV000091,ORG0091,220016,BAYSTATE FRANKLIN MEDICAL CENTER,Barton704 Bahringer146,GENERAL PRACTICE,M
PRV000092,ORG0092,220077,BAYSTATE MEDICAL CENTER,Colleen54 Olson653,GENERAL PRACTICE,F
PRV000093,ORG0093,220065,BAYSTATE NOBLE HOSPITAL,Tommy814 Witting912,GENERAL PRACTICE,F
PRV000094,ORG0094,220030,BAYSTATE WING HOSPITAL,Sulema841 Ryan260,GENERAL PRACTICE,F
PRV000095,ORG0095,22001F,BEDFORD VA MEDICAL CENTER,Olinda137 Paucek755,GENERAL PRACTICE,F
PRV000096,ORG0096,220046,BERKSHIRE MEDICAL CENTER,Brian582 Cummerata161,GENERAL PRACTICE,M
PRV000097,ORG0097,220108,BETH ISRAEL DEACONESS HOSPITAL - MILTON,Hong136 Schneider199,GENERAL PRACTICE,F
PRV000098,ORG0098,220083,BETH ISRAEL DEACONESS HOSPITAL - NEEDHAM,Taylor21 Haley279,GENERAL PRACTICE,M
PRV000099,ORG0099,220060,BETH ISRAEL DEACONESS HOSPITAL PLYMOUTH,Ferdinand55 Moen819,GENERAL PRACTICE,M
PRV000100,ORG0100,220086,BETH ISRAEL DEACONESS MEDICAL CENTER,Kayleigh718 Weissnat378,GENERAL PRACTICE,F
PRV000101,ORG0101,223302,BOSTON CHILDREN'S HOSPITAL,Marcelo725 Gleason633,GENERAL PRACTICE,M
PRV000102,ORG0102,220031,BOSTON MEDICAL CENTER,Alejandro916 Quiroz936,GENERAL PRACTICE,M
PRV000103,ORG0103,220036,BOSTON MEDICAL CENTER-BRIGHTON,Chrystal576 Kreiger457,GENERAL PRACTICE,F
PRV000104,ORG0104,224022,BOURNEWOOD HOSPITAL,Carlota980 Solís294,GENERAL PRACTICE,F
PRV000105,ORG0105,220119,BRIGHAM AND WOMEN FAULKNER HOSPITAL,Ariane992 Pagac496,GENERAL PRACTICE,F
PRV000106,ORG0106,220110,BRIGHAM AND WOMEN'S HOSPITAL,Venice604 Rogahn59,GENERAL PRACTICE,F
PRV000107,ORG0107,220073,BROWN UNIVERSITY HEALTH MORTON HOSPITAL,Alonso270 Hand679,GENERAL PRACTICE,M
PRV000108,ORG0108,220011,CAMBRIDGE HEALTH ALLIANCE,Lora418 Barrows492,GENERAL PRACTICE,F
PRV000109,ORG0109,224031,CAPE COD & ISLANDS COMMUNITY MENTAL HEALTH CENTER,Colin861 Witting912,GENERAL PRACTICE,M
PRV000110,ORG0110,220012,CAPE COD HOSPITAL,Morgan564 Marvin195,GENERAL PRACTICE,M
PRV000111,ORG0111,220017,CARNEY HOSPITAL,Tran115 Jakubowski832,GENERAL PRACTICE,F
PRV000112,ORG0112,220015,"COOLEY DICKINSON HOSPITAL INC,THE",Bennett146 Hartmann983,GENERAL PRACTICE,M
PRV000113,ORG0113,224028,DR JOHN C CORRIGAN MENTAL HEALTH CENTER,Adam631 Towne435,GENERAL PRACTICE,M
PRV000114,ORG0114,224040,DR SOLOMON CARTER FULLER MENTAL HEALTH CENTER,Ethyl508 Rau926,GENERAL PRACTICE,F
PRV000115,ORG0115,220084,EMERSON HOSPITAL -,Alejandra902 Thompson596,GENERAL PRACTICE,F
PRV000116,ORG0116,221302,FAIRVIEW HOSPITAL,Rodger755 Brakus656,GENERAL PRACTICE,M
PRV000117,ORG0117,220135,FALMOUTH HOSPITAL,Omer483 Koepp521,GENERAL PRACTICE,M
PRV000118,ORG0118,223300,FRANCISCAN CHILDREN'S HOSPITAL & REHAB CENTER,Theodore876 Ankunding277,GENERAL PRACTICE,M
PRV000119,ORG0119,220111,GOOD SAMARITAN MEDICAL CENTER,Sondra191 Zieme486,GENERAL PRACTICE,F
PRV000120,ORG0120,220095,HEYWOOD HOSPITAL -,Jane262 Schmeler639,GENERAL PRACTICE,F
PRV000121,ORG0121,220080,HOLY FAMILY HOSPITAL,Lincoln623 Trantow673,GENERAL PRACTICE,M
PRV000122,ORG0122,220024,HOLYOKE MEDICAL CENTER,Damian46 Hansen121,GENERAL PRACTICE,M
PRV000123,ORG0123,224045,HOSPITAL FOR BEHAVIORAL MEDICINE,Natalya468 Haley279,GENERAL PRACTICE,F
PRV000124,ORG0124,220171,"LAHEY HOSPITAL & MEDICAL CENTER, BURLINGTON",Rafael239 de Jesús414,GENERAL PRACTICE,M
PRV000125,ORG0125,220063,LOWELL GENERAL HOSPITAL,Tandy422 Sporer811,GENERAL PRACTICE,F
PRV000126,ORG0126,221300,MARTHA'S VINEYARD HOSPITAL INC,Eleonore965 Robel940,GENERAL PRACTICE,F
PRV000127,ORG0127,220075,MASSACHUSETTS EYE AND EAR INFIRMARY -,Kasey569 Rau926,GENERAL PRACTICE,M
PRV000128,ORG0128,220071,MASSACHUSETTS GENERAL HOSPITAL,Glinda951 Smitham825,GENERAL PRACTICE,F
PRV000129,ORG0129,224007,MCLEAN HOSPITAL CORPORATION,Erin498 Hand679,GENERAL PRACTICE,M
PRV000130,ORG0130,220070,MELROSEWAKEFIELD HEALTHCARE,Iva908 O'Keefe54,GENERAL PRACTICE,F
PRV000131,ORG0131,220066,MERCY MEDICAL CTR,Lezlie553 Koss676,GENERAL PRACTICE,F
PRV000132,ORG0132,220010,MERRIMACK HEALTH LAWRENCE HOSPITAL,Mora209 Blanda868,GENERAL PRACTICE,F
PRV000133,ORG0133,220175,METROWEST MEDICAL CENTER,Vera718 Cummerata161,GENERAL PRACTICE,F
PRV000134,ORG0134,220090,MILFORD REGIONAL MEDICAL CENTER,Gerry91 Block661,GENERAL PRACTICE,F
PRV000135,ORG0135,224046,MIRAVISTA BEHAVIORAL HEALTH CENTER,Wilson960 Turner526,GENERAL PRACTICE,M
PRV000136,ORG0136,220002,MOUNT AUBURN HOSPITAL,Elmo857 Hodkiewicz467,GENERAL PRACTICE,M
PRV000137,ORG0137,220177,NANTUCKET COTTAGE HOSPITAL,Michel472 Zulauf375,GENERAL PRACTICE,M
PRV000138,ORG0138,220098,NASHOBA VALLEY MEDICAL CENTER,Janet238 Crooks415,GENERAL PRACTICE,F
PRV000139,ORG0139,220088,NEW ENGLAND BAPTIST HOSPITAL,Carlena776 Feil794,GENERAL PRACTICE,F
PRV000140,ORG0140,220101,NEWTON-WELLESLEY HOSPITAL,Warren653 Flatley871,GENERAL PRACTICE,M
PRV000141,ORG0141,221304,NORTH ADAMS REGIONAL HOSPITAL CORPORATION,Damon455 Orn563,GENERAL PRACTICE,M
PRV000142,ORG0142,220035,NORTH SHORE MEDICAL CENTER -,Sharron285 Batz141,GENERAL PRACTICE,F
PRV000143,ORG0143,22009F,NORTHAMPTON VA MEDICAL CENTER,Alica364 Hartmann983,GENERAL PRACTICE,F
PRV000144,ORG0144,220033,NORTHEAST HOSPITAL CORPORATION,Pandora807 Sauer652,GENERAL PRACTICE,F
PRV000145,ORG0145,220126,NORWOOD HOSPITAL,Melissa844 Yundt842,GENERAL PRACTICE,F
PRV000146,ORG0146,220020,SAINT ANNE'S HOSPITAL,Lucien408 Howe413,GENERAL PRACTICE,M
PRV000147,ORG0147,220052,SIGNATURE HEALTHCARE BROCKTON HOSPITAL,Shayla126 White193,GENERAL PRACTICE,F
PRV000148,ORG0148,220100,SOUTH SHORE HOSPITAL,Amalia471 Pizarro791,GENERAL PRACTICE,F
PRV000149,ORG0149,224041,SOUTHCOAST BEHAVIORAL HEALTH,Jesusita936 O'Keefe54,GENERAL PRACTICE,F
PRV000150,ORG0150,220074,SOUTHCOAST HOSPITALS GROUP,Javier97 Tejeda887,GENERAL PRACTICE,M
PRV000151,ORG0151,220176,ST VINCENT HOSPITAL,Guadalupe206 Hodkiewicz467,GENERAL PRACTICE,M
PRV000152,ORG0152,220008,STURDY MEMORIAL HOSPITAL,Johna806 Klein929,GENERAL PRACTICE,F
PRV000153,ORG0153,224043,TARAVISTA BEHAVIORAL HEALTH CENTER,Candy565 Wunsch504,GENERAL PRACTICE,F
PRV000154,ORG0154,224001,TAUNTON STATE HOSPITAL,Eleonor544 Doyle959,GENERAL PRACTICE,F
PRV000155,ORG0155,223304,THE SHRINERS' HOSPITAL FOR CHILDREN - BOSTON,Mayte822 Garica503,GENERAL PRACTICE,F
PRV000156,ORG0156,220116,TUFTS MEDICAL CENTER,Cari853 Kohler843,GENERAL PRACTICE,F
PRV000157,ORG0157,220019,UMASS MEMORIAL HEALTH - HARRINGTON HOSPITAL,Lesley194 Crooks415,GENERAL PRACTICE,F
PRV000158,ORG0158,220001,UMASS MEMORIAL HEALTHALLIANCE HOSPITALS,Logan497 Fisher429,GENERAL PRACTICE,M
PRV000159,ORG0159,220049,UMASS MEMORIAL HEALTHCARE-MARLBOROUGH HOSPITAL,Lauretta754 Dare640,GENERAL PRACTICE,F
PRV000160,ORG0160,220163,UMASS MEMORIAL MEDICAL CENTER/UNIVERSITY CAMPUS,Margery365 Rippin620,GENERAL PRACTICE,F
PRV000161,ORG0161,22010F,VA BOSTON HEALTHCARE SYSTEM - JAMAICA PLAIN,Erwin847 Baumbach677,GENERAL PRACTICE,M
PRV000162,ORG0162,224047,VALLEY SPRINGS BEHAVIORAL HEALTH HOSPITAL,Felipe97 Lebsack687,GENERAL PRACTICE,M
PRV000163,ORG0163,224038,"WALDEN BEHAVIORAL CARE, LLC",Antoine384 Maggio310,GENERAL PRACTICE,M
PRV000164,ORG0164,224044,WESTBOROUGH BEHAVIORAL HEALTHCARE HOSPITAL LLC,Teresa94 Mireles421,GENERAL PRACTICE,F
PRV000165,ORG0165,224023,WESTWOOD PEMBROKE HEALTH SYSTEMS,Gil594 Ondricka197,GENERAL PRACTICE,M
PRV000166,ORG0166,224039,WHITTIER PAVILION,Bennie663 Abbott774,GENERAL PRACTICE,M
PRV000167,ORG0167,220105,WINCHESTER HOSPITAL,Guillermo498 Dietrich576,GENERAL PRACTICE,M
PRV000168,ORG0168,224032,WORCESTER RECOVERY CENTER AND HOSPITAL,Cletus494 Paucek755,GENERAL PRACTICE,M
PRV000169,ORG0169,220062,ADCARE HOSPITAL OF WORCESTER INC,Irene779 Águilar229,GENERAL PRACTICE,F
PRV000170,ORG0170,220029,ANNA JAQUES HOSPITAL,Eleni953 Franecki195,GENERAL PRACTICE,F
PRV000171,ORG0171,224013,ARBOUR HOSPITAL,Philip822 Beatty507,GENERAL PRACTICE,M
PRV000172,ORG0172,224018,ARBOUR HUMAN RESOURCE INSTITUTE,Glenn0 Keeling57,GENERAL PRACTICE,F
PRV000173,ORG0173,224021,ARBOUR-FULLER HOSPITAL,Ramon749 Johnston597,GENERAL PRACTICE,M
PRV000174,ORG0174,221303,ATHOL MEMORIAL HOSPITAL,Buford910 Halvorson124,GENERAL PRACTICE,M
PRV000175,ORG0175,220016,BAYSTATE FRANKLIN MEDICAL CENTER,Maryanne663 Abernathy524,GENERAL PRACTICE,F
PRV000176,ORG0176,220077,BAYSTATE MEDICAL CENTER,Catheryn300 Glover433,GENERAL PRACTICE,F
PRV000177,ORG0177,220065,BAYSTATE NOBLE HOSPITAL,Anabel269 Hilll811,GENERAL PRACTICE,F
PRV000178,ORG0178,220030,BAYSTATE WING HOSPITAL,Heath320 Leuschke194,GENERAL PRACTICE,M
PRV000179,ORG0179,22001F,BEDFORD VA MEDICAL CENTER,Darwin703 O'Hara248,GENERAL PRACTICE,M
PRV000180,ORG0180,220046,BERKSHIRE MEDICAL CENTER,Izetta651 Farrell962,GENERAL PRACTICE,F
PRV000181,ORG0181,220108,BETH ISRAEL DEACONESS HOSPITAL - MILTON,Latrina689 White193,GENERAL PRACTICE,F
PRV000182,ORG0182,220083,BETH ISRAEL DEACONESS HOSPITAL - NEEDHAM,Hisako109 Moore224,GENERAL PRACTICE,F
PRV000183,ORG0183,220060,BETH ISRAEL DEACONESS HOSPITAL PLYMOUTH,Major265 Auer97,GENERAL PRACTICE,M
PRV000184,ORG0184,220086,BETH ISRAEL DEACONESS MEDICAL CENTER,Carla633 Santiago500,GENERAL PRACTICE,F
PRV000185,ORG0185,223302,BOSTON CHILDREN'S HOSPITAL,Mateo562 Arredondo74,GENERAL PRACTICE,M
PRV000186,ORG0186,220031,BOSTON MEDICAL CENTER,Andrés117 Ruiz676,GENERAL PRACTICE,M
PRV000187,ORG0187,220036,BOSTON MEDICAL CENTER-BRIGHTON,Alex454 Satterfield305,GENERAL PRACTICE,M
PRV000188,ORG0188,224022,BOURNEWOOD HOSPITAL,Georgianne697 Howe413,GENERAL PRACTICE,F
PRV000189,ORG0189,220119,BRIGHAM AND WOMEN FAULKNER HOSPITAL,Zackary401 Mohr916,GENERAL PRACTICE,M
PRV000190,ORG0190,220110,BRIGHAM AND WOMEN'S HOSPITAL,Saundra460 Kuphal363,GENERAL PRACTICE,F
PRV000191,ORG0191,220073,BROWN UNIVERSITY HEALTH MORTON HOSPITAL,Tora746 Kertzmann286,GENERAL PRACTICE,F
PRV000192,ORG0192,220011,CAMBRIDGE HEALTH ALLIANCE,Ileen763 Casper496,GENERAL PRACTICE,F
PRV000193,ORG0193,224031,CAPE COD & ISLANDS COMMUNITY MENTAL HEALTH CENTER,Olympia319 Bradtke547,GENERAL PRACTICE,F
PRV000194,ORG0194,220012,CAPE COD HOSPITAL,Ilene33 Greenholt190,GENERAL PRACTICE,F
PRV000195,ORG0195,220017,CARNEY HOSPITAL,Carletta836 West559,GENERAL PRACTICE,F
PRV000196,ORG0196,220015,"COOLEY DICKINSON HOSPITAL INC,THE",Dale454 Wilderman619,GENERAL PRACTICE,M
PRV000197,ORG0197,224028,DR JOHN C CORRIGAN MENTAL HEALTH CENTER,Lauri399 Keebler762,GENERAL PRACTICE,F
PRV000198,ORG0198,224040,DR SOLOMON CARTER FULLER MENTAL HEALTH CENTER,Randy380 Kilback373,GENERAL PRACTICE,F
PRV000199,ORG0199,220084,EMERSON HOSPITAL -,Zane918 Ferry570,GENERAL PRACTICE,M
PRV000200,ORG0200,221302,FAIRVIEW HOSPITAL,Hiram237 Moen819,GENERAL PRACTICE,M
PRV000201,ORG0201,220135,FALMOUTH HOSPITAL,Elma843 McCullough561,GENERAL PRACTICE,F
PRV000202,ORG0202,223300,FRANCISCAN CHILDREN'S HOSPITAL & REHAB CENTER,Jermaine675 Collins926,GENERAL PRACTICE,M
PRV000203,ORG0203,220111,GOOD SAMARITAN MEDICAL CENTER,Leonardo412 Schiller186,GENERAL PRACTICE,M
PRV000204,ORG0204,220095,HEYWOOD HOSPITAL -,Elbert916 Carter549,GENERAL PRACTICE,M
PRV000205,ORG0205,220080,HOLY FAMILY HOSPITAL,Emory494 Schuster709,GENERAL PRACTICE,M
PRV000206,ORG0206,220024,HOLYOKE MEDICAL CENTER,Jackelyn13 Pacocha935,GENERAL PRACTICE,F
PRV000207,ORG0207,224045,HOSPITAL FOR BEHAVIORAL MEDICINE,Fritz267 Farrell962,GENERAL PRACTICE,M
PRV000208,ORG0208,220171,"LAHEY HOSPITAL & MEDICAL CENTER, BURLINGTON",Venus149 Blick895,GENERAL PRACTICE,F
PRV000209,ORG0209,220063,LOWELL GENERAL HOSPITAL,Shenika151 Little434,GENERAL PRACTICE,F
PRV000210,ORG0210,221300,MARTHA'S VINEYARD HOSPITAL INC,Leah288 Sauer652,GENERAL PRACTICE,F
PRV000211,ORG0211,220075,MASSACHUSETTS EYE AND EAR INFIRMARY -,Kylee806 Romaguera67,GENERAL PRACTICE,F
PRV000212,ORG0212,220071,MASSACHUSETTS GENERAL HOSPITAL,Julian715 Kiehn525,GENERAL PRACTICE,M
PRV000213,ORG0213,224007,MCLEAN HOSPITAL CORPORATION,Ana Luisa894 Benavídez820,GENERAL PRACTICE,F
PRV000214,ORG0214,220070,MELROSEWAKEFIELD HEALTHCARE,Marth98 Mayer370,GENERAL PRACTICE,F
PRV000215,ORG0215,220066,MERCY MEDICAL CTR,Jerónimo599 Vargas494,GENERAL PRACTICE,M
PRV000216,ORG0216,220010,MERRIMACK HEALTH LAWRENCE HOSPITAL,Tomeka87 Rutherford999,GENERAL PRACTICE,F
PRV000217,ORG0217,220175,METROWEST MEDICAL CENTER,Alfred550 Donnelly343,GENERAL PRACTICE,M
PRV000218,ORG0218,220090,MILFORD REGIONAL MEDICAL CENTER,Sid118 Wilderman619,GENERAL PRACTICE,M
PRV000219,ORG0219,224046,MIRAVISTA BEHAVIORAL HEALTH CENTER,Anthony633 Wilderman619,GENERAL PRACTICE,F
PRV000220,ORG0220,220002,MOUNT AUBURN HOSPITAL,Eldridge510 Roob72,GENERAL PRACTICE,M
PRV000221,ORG0221,220177,NANTUCKET COTTAGE HOSPITAL,Shonna561 Feest103,GENERAL PRACTICE,F
PRV000222,ORG0222,220098,NASHOBA VALLEY MEDICAL CENTER,Latrisha74 Rippin620,GENERAL PRACTICE,F
PRV000223,ORG0223,220088,NEW ENGLAND BAPTIST HOSPITAL,Francis500 Ratke343,GENERAL PRACTICE,M
PRV000224,ORG0224,220101,NEWTON-WELLESLEY HOSPITAL,Nickie321 O'Conner199,GENERAL PRACTICE,F
PRV000225,ORG0225,221304,NORTH ADAMS REGIONAL HOSPITAL CORPORATION,Junior695 Pacocha935,GENERAL PRACTICE,M
PRV000226,ORG0226,220035,NORTH SHORE MEDICAL CENTER -,Octavio643 Prosacco716,GENERAL PRACTICE,M
PRV000227,ORG0227,22009F,NORTHAMPTON VA MEDICAL CENTER,Iola859 Rodriguez71,GENERAL PRACTICE,F
PRV000228,ORG0228,220033,NORTHEAST HOSPITAL CORPORATION,Everett935 Dach178,GENERAL PRACTICE,M
PRV000229,ORG0229,220126,NORWOOD HOSPITAL,Claudio955 Bruen238,GENERAL PRACTICE,M
PRV000230,ORG0230,220020,SAINT ANNE'S HOSPITAL,Azucena377 Crona259,GENERAL PRACTICE,F
PRV000231,ORG0231,220052,SIGNATURE HEALTHCARE BROCKTON HOSPITAL,Aurore252 Herzog843,GENERAL PRACTICE,F
PRV000232,ORG0232,220100,SOUTH SHORE HOSPITAL,Brooks264 Ziemann98,GENERAL PRACTICE,M
PRV000233,ORG0233,224041,SOUTHCOAST BEHAVIORAL HEALTH,Numbers230 Stehr398,GENERAL PRACTICE,M
PRV000234,ORG0234,220074,SOUTHCOAST HOSPITALS GROUP,Chris95 Haag279,GENERAL PRACTICE,M
PRV000235,ORG0235,220176,ST VINCENT HOSPITAL,Yasmin241 Emard19,GENERAL PRACTICE,F
PRV000236,ORG0236,220008,STURDY MEMORIAL HOSPITAL,Isidra572 Quitzon246,GENERAL PRACTICE,F
PRV000237,ORG0237,224043,TARAVISTA BEHAVIORAL HEALTH CENTER,Lawanda300 Bayer639,GENERAL PRACTICE,F
PRV000238,ORG0238,224001,TAUNTON STATE HOSPITAL,Jamal145 Marks830,GENERAL PRACTICE,M
PRV000239,ORG0239,223304,THE SHRINERS' HOSPITAL FOR CHILDREN - BOSTON,Duncan491 Halvorson124,GENERAL PRACTICE,M
PRV000240,ORG0240,220116,TUFTS MEDICAL CENTER,Bertram873 Kutch271,GENERAL PRACTICE,M
PRV000241,ORG0241,220019,UMASS MEMORIAL HEALTH - HARRINGTON HOSPITAL,Lenard338 Dickens475,GENERAL PRACTICE,M
PRV000242,ORG0242,220001,UMASS MEMORIAL HEALTHALLIANCE HOSPITALS,Latrisha74 Mante251,GENERAL PRACTICE,F
PRV000243,ORG0243,220049,UMASS MEMORIAL HEALTHCARE-MARLBOROUGH HOSPITAL,Wilford267 Schmidt332,GENERAL PRACTICE,M
PRV000244,ORG0244,220163,UMASS MEMORIAL MEDICAL CENTER/UNIVERSITY CAMPUS,Alfreda3 Little434,GENERAL PRACTICE,F
PRV000245,ORG0245,22010F,VA BOSTON HEALTHCARE SYSTEM - JAMAICA PLAIN,Denis399 Bailey598,GENERAL PRACTICE,M
PRV000246,ORG0246,224047,VALLEY SPRINGS BEHAVIORAL HEALTH HOSPITAL,Nancie476 Homenick806,GENERAL PRACTICE,F
PRV000247,ORG0247,224038,"WALDEN BEHAVIORAL CARE, LLC",Oliva247 Runolfsdottir785,GENERAL PRACTICE,F
PRV000248,ORG0248,224044,WESTBOROUGH BEHAVIORAL HEALTHCARE HOSPITAL LLC,Albert312 Hermann103,GENERAL PRACTICE,M
PRV000249,ORG0249,224023,WESTWOOD PEMBROKE HEALTH SYSTEMS,Courtney281 Kihn564,GENERAL PRACTICE,M
PRV000250,ORG0250,224039,WHITTIER PAVILION,Sheryl275 Brekke496,GENERAL PRACTICE,F
PRV000251,ORG0251,220105,WINCHESTER HOSPITAL,Thanh759 Weber641,GENERAL PRACTICE,M
PRV000252,ORG0252,224032,WORCESTER RECOVERY CENTER AND HOSPITAL,Christeen33 Toy286,GENERAL PRACTICE,F
PRV000253,ORG0253,220062,ADCARE HOSPITAL OF WORCESTER INC,Clemente531 Treutel973,GENERAL PRACTICE,M
PRV000254,ORG0254,220029,ANNA JAQUES HOSPITAL,Agustin437 Wehner319,GENERAL PRACTICE,M
PRV000255,ORG0255,224013,ARBOUR HOSPITAL,Haywood675 Bednar518,GENERAL PRACTICE,M
PRV000256,ORG0256,224018,ARBOUR HUMAN RESOURCE INSTITUTE,Noelle559 Padberg411,GENERAL PRACTICE,F
PRV000257,ORG0257,224021,ARBOUR-FULLER HOSPITAL,Benedict104 Barrows492,GENERAL PRACTICE,M
PRV000258,ORG0258,221303,ATHOL MEMORIAL HOSPITAL,Delicia67 Bernhard322,GENERAL PRACTICE,F
PRV000259,ORG0259,220016,BAYSTATE FRANKLIN MEDICAL CENTER,Clement78 Gleason633,GENERAL PRACTICE,M
PRV000260,ORG0260,220077,BAYSTATE MEDICAL CENTER,Mitch821 Powlowski563,GENERAL PRACTICE,M
PRV000261,ORG0261,220065,BAYSTATE NOBLE HOSPITAL,Carl856 King743,GENERAL PRACTICE,F
PRV000262,ORG0262,220030,BAYSTATE WING HOSPITAL,Shemeka786 Conn188,GENERAL PRACTICE,F
PRV000263,ORG0263,22001F,BEDFORD VA MEDICAL CENTER,Regena252 Huel628,GENERAL PRACTICE,F
PRV000264,ORG0264,220046,BERKSHIRE MEDICAL CENTER,Barb55 Renner328,GENERAL PRACTICE,F
PRV000265,ORG0265,220108,BETH ISRAEL DEACONESS HOSPITAL - MILTON,Ambrose149 Mills423,GENERAL PRACTICE,M
PRV000266,ORG0266,220083,BETH ISRAEL DEACONESS HOSPITAL - NEEDHAM,Cathleen724 Runte676,GENERAL PRACTICE,F
PRV000267,ORG0267,220060,BETH ISRAEL DEACONESS HOSPITAL PLYMOUTH,Deon400 Hansen121,GENERAL PRACTICE,F
PRV000268,ORG0268,220086,BETH ISRAEL DEACONESS MEDICAL CENTER,Gordon377 Lind531,GENERAL PRACTICE,M
PRV000269,ORG0269,223302,BOSTON CHILDREN'S HOSPITAL,Cleveland582 Lesch175,GENERAL PRACTICE,M
PRV000270,ORG0270,220031,BOSTON MEDICAL CENTER,Hellen346 Roberts511,GENERAL PRACTICE,F
PRV000271,ORG0271,220036,BOSTON MEDICAL CENTER-BRIGHTON,Kirby843 Rippin620,GENERAL PRACTICE,M
PRV000272,ORG0272,224022,BOURNEWOOD HOSPITAL,Graciela518 Pabón228,GENERAL PRACTICE,F
PRV000273,ORG0273,220119,BRIGHAM AND WOMEN FAULKNER HOSPITAL,Blanca837 Magaña874,GENERAL PRACTICE,F
PRV000274,ORG0274,220110,BRIGHAM AND WOMEN'S HOSPITAL,Palmer257 Kuphal363,GENERAL PRACTICE,M
PRV000275,ORG0275,220073,BROWN UNIVERSITY HEALTH MORTON HOSPITAL,Carson894 Krajcik437,GENERAL PRACTICE,M
PRV000276,ORG0276,220011,CAMBRIDGE HEALTH ALLIANCE,Eldridge510 Marquardt819,GENERAL PRACTICE,M
PRV000277,ORG0277,224031,CAPE COD & ISLANDS COMMUNITY MENTAL HEALTH CENTER,Beth967 McKenzie376,GENERAL PRACTICE,F
PRV000278,ORG0278,220012,CAPE COD HOSPITAL,Rueben647 Okuneva707,GENERAL PRACTICE,M
PRV000279,ORG0279,220017,CARNEY HOSPITAL,Taylor21 Howe413,GENERAL PRACTICE,M
PRV000280,ORG0280,220015,"COOLEY DICKINSON HOSPITAL INC,THE",Frederick289 Gerhold939,GENERAL PRACTICE,M
PRV000281,ORG0281,224028,DR JOHN C CORRIGAN MENTAL HEALTH CENTER,Shayne60 O'Kon634,GENERAL PRACTICE,F
PRV000282,ORG0282,224040,DR SOLOMON CARTER FULLER MENTAL HEALTH CENTER,Jude172 Reynolds644,GENERAL PRACTICE,M
PRV000283,ORG0283,220084,EMERSON HOSPITAL -,Maynard46 Ward668,GENERAL PRACTICE,M
PRV000284,ORG0284,221302,FAIRVIEW HOSPITAL,Maryjane289 White193,GENERAL PRACTICE,F
PRV000285,ORG0285,220135,FALMOUTH HOSPITAL,Shanita956 Wolff180,GENERAL PRACTICE,F
PRV000286,ORG0286,223300,FRANCISCAN CHILDREN'S HOSPITAL & REHAB CENTER,Ezra452 Torp761,GENERAL PRACTICE,M
PRV000287,ORG0287,220111,GOOD SAMARITAN MEDICAL CENTER,Ricky354 Little434,GENERAL PRACTICE,M
PRV000288,ORG0288,220095,HEYWOOD HOSPITAL -,Shelby741 Shields502,GENERAL PRACTICE,M
PRV000289,ORG0289,220080,HOLY FAMILY HOSPITAL,Jannet618 Buckridge80,GENERAL PRACTICE,F
PRV000290,ORG0290,220024,HOLYOKE MEDICAL CENTER,Josue598 Flatley871,GENERAL PRACTICE,M
PRV000291,ORG0291,224045,HOSPITAL FOR BEHAVIORAL MEDICINE,Weldon459 Hettinger594,GENERAL PRACTICE,M
PRV000292,ORG0292,220171,"LAHEY HOSPITAL & MEDICAL CENTER, BURLINGTON",Cira533 Hane680,GENERAL PRACTICE,F
PRV000293,ORG0293,220063,LOWELL GENERAL HOSPITAL,Marco Antonio298 Guerrero997,GENERAL PRACTICE,M
PRV000294,ORG0294,221300,MARTHA'S VINEYARD HOSPITAL INC,Elvera717 Gusikowski974,GENERAL PRACTICE,F
PRV000295,ORG0295,220075,MASSACHUSETTS EYE AND EAR INFIRMARY -,Man114 Balistreri607,GENERAL PRACTICE,M
PRV000296,ORG0296,220071,MASSACHUSETTS GENERAL HOSPITAL,Freeman822 Sawayn19,GENERAL PRACTICE,M
PRV000297,ORG0297,224007,MCLEAN HOSPITAL CORPORATION,Lyndon118 Block661,GENERAL PRACTICE,M
PRV000298,ORG0298,220070,MELROSEWAKEFIELD HEALTHCARE,Kyle55 Goyette777,GENERAL PRACTICE,M
PRV000299,ORG0299,220066,MERCY MEDICAL CTR,Nicki254 Bartell116,GENERAL PRACTICE,F
PRV000300,ORG0300,220010,MERRIMACK HEALTH LAWRENCE HOSPITAL,Patrice780 Walsh511,GENERAL PRACTICE,F
PRV000301,ORG0301,220175,METROWEST MEDICAL CENTER,Darell496 Ebert178,GENERAL PRACTICE,M
PRV000302,ORG0302,220090,MILFORD REGIONAL MEDICAL CENTER,Raymond398 Nicolas769,GENERAL PRACTICE,M
PRV000303,ORG0303,224046,MIRAVISTA BEHAVIORAL HEALTH CENTER,Charlesetta336 Swift555,GENERAL PRACTICE,F
PRV000304,ORG0304,220002,MOUNT AUBURN HOSPITAL,Rufus33 Langosh790,GENERAL PRACTICE,M
PRV000305,ORG0305,220177,NANTUCKET COTTAGE HOSPITAL,Domitila545 Vandervort697,GENERAL PRACTICE,F
PRV000306,ORG0306,220098,NASHOBA VALLEY MEDICAL CENTER,Monte325 Parisian75,GENERAL PRACTICE,M
PRV000307,ORG0307,220088,NEW ENGLAND BAPTIST HOSPITAL,Parthenia862 Dickens475,GENERAL PRACTICE,F
PRV000308,ORG0308,220101,NEWTON-WELLESLEY HOSPITAL,Nicholle822 Satterfield305,GENERAL PRACTICE,F
PRV000309,ORG0309,221304,NORTH ADAMS REGIONAL HOSPITAL CORPORATION,Mikel238 Miller503,GENERAL PRACTICE,M
PRV000310,ORG0310,220035,NORTH SHORE MEDICAL CENTER -,Renaldo199 Huels583,GENERAL PRACTICE,M
PRV000311,ORG0311,22009F,NORTHAMPTON VA MEDICAL CENTER,Tobias236 Kris249,GENERAL PRACTICE,M
PRV000312,ORG0312,220033,NORTHEAST HOSPITAL CORPORATION,Esteban536 Metz686,GENERAL PRACTICE,M
PRV000313,ORG0313,220126,NORWOOD HOSPITAL,Crystle668 McCullough561,GENERAL PRACTICE,F
PRV000314,ORG0314,220020,SAINT ANNE'S HOSPITAL,María842 Gallegos952,GENERAL PRACTICE,F
PRV000315,ORG0315,220052,SIGNATURE HEALTHCARE BROCKTON HOSPITAL,Tambra47 Bosco882,GENERAL PRACTICE,F
PRV000316,ORG0316,220100,SOUTH SHORE HOSPITAL,Dorsey40 Stark857,GENERAL PRACTICE,M
PRV000317,ORG0317,224041,SOUTHCOAST BEHAVIORAL HEALTH,Wilbert25 Nolan344,GENERAL PRACTICE,M
PRV000318,ORG0318,220074,SOUTHCOAST HOSPITALS GROUP,Robert854 Nicolas769,GENERAL PRACTICE,M
PRV000319,ORG0319,220176,ST VINCENT HOSPITAL,Warren653 Beier427,GENERAL PRACTICE,M
PRV000320,ORG0320,220008,STURDY MEMORIAL HOSPITAL,Paul232 Bartell116,GENERAL PRACTICE,M
PRV000321,ORG0321,224043,TARAVISTA BEHAVIORAL HEALTH CENTER,Asha251 Grimes165,GENERAL PRACTICE,F
PRV000322,ORG0322,224001,TAUNTON STATE HOSPITAL,Ivory697 Okuneva707,GENERAL PRACTICE,M
PRV000323,ORG0323,223304,THE SHRINERS' HOSPITAL FOR CHILDREN - BOSTON,Clifton91 Lakin515,GENERAL PRACTICE,M
PRV000324,ORG0324,220116,TUFTS MEDICAL CENTER,Reggie481 Schiller186,GENERAL PRACTICE,M
PRV000325,ORG0325,220019,UMASS MEMORIAL HEALTH - HARRINGTON HOSPITAL,Lacy523 Littel644,GENERAL PRACTICE,M
PRV000326,ORG0326,220001,UMASS MEMORIAL HEALTHALLIANCE HOSPITALS,Orville751 Will178,GENERAL PRACTICE,M
PRV000327,ORG0327,220049,UMASS MEMORIAL HEALTHCARE-MARLBOROUGH HOSPITAL,Melida518 Mayert710,GENERAL PRACTICE,F
PRV000328,ORG0328,220163,UMASS MEMORIAL MEDICAL CENTER/UNIVERSITY CAMPUS,Kyoko885 Strosin214,GENERAL PRACTICE,F
PRV000329,ORG0329,22010F,VA BOSTON HEALTHCARE SYSTEM - JAMAICA PLAIN,Henry768 Ebert178,GENERAL PRACTICE,M
PRV000330,ORG0330,224047,VALLEY SPRINGS BEHAVIORAL HEALTH HOSPITAL,Marielle507 Hayes766,GENERAL PRACTICE,F
PRV000331,ORG0331,224038,"WALDEN BEHAVIORAL CARE, LLC",Stella203 Hammes673,GENERAL PRACTICE,F
PRV000332,ORG0332,224044,WESTBOROUGH BEHAVIORAL HEALTHCARE HOSPITAL LLC,Rob341 Cormier289,GENERAL PRACTICE,M
PRV000333,ORG0333,224023,WESTWOOD PEMBROKE HEALTH SYSTEMS,Tony646 Hahn503,GENERAL PRACTICE,M
PRV000334,ORG0334,224039,WHITTIER PAVILION,Darrell400 Stokes453,GENERAL PRACTICE,M
PRV000335,ORG0335,220105,WINCHESTER HOSPITAL,Jerry654 Baumbach677,GENERAL PRACTICE,M
PRV000336,ORG0336,224032,WORCESTER RECOVERY CENTER AND HOSPITAL,Janey243 Schoen8,GENERAL PRACTICE,F
PRV000337,ORG0337,220062,ADCARE HOSPITAL OF WORCESTER INC,Cristi782 Miller503,GENERAL PRACTICE,F
PRV000338,ORG0338,220029,ANNA JAQUES HOSPITAL,Dean966 Kris249,GENERAL PRACTICE,M
PRV000339,ORG0339,224013,ARBOUR HOSPITAL,Clay913 Mertz280,GENERAL PRACTICE,M
PRV000340,ORG0340,224018,ARBOUR HUMAN RESOURCE INSTITUTE,Marleen824 Ziemann98,GENERAL PRACTICE,F
PRV000341,ORG0341,224021,ARBOUR-FULLER HOSPITAL,Sherwood961 O'Conner199,GENERAL PRACTICE,M
PRV000342,ORG0342,221303,ATHOL MEMORIAL HOSPITAL,Wilbur107 Rau926,GENERAL PRACTICE,M
PRV000343,ORG0343,220016,BAYSTATE FRANKLIN MEDICAL CENTER,Rayford811 Abbott774,GENERAL PRACTICE,M
PRV000344,ORG0344,220077,BAYSTATE MEDICAL CENTER,Maybell872 Quitzon246,GENERAL PRACTICE,F
PRV000345,ORG0345,220065,BAYSTATE NOBLE HOSPITAL,Cristi782 Leannon79,GENERAL PRACTICE,F
PRV000346,ORG0346,220030,BAYSTATE WING HOSPITAL,Maricruz991 Considine820,GENERAL PRACTICE,F
PRV000347,ORG0347,22001F,BEDFORD VA MEDICAL CENTER,Shaquita282 Graham902,GENERAL PRACTICE,F
PRV000348,ORG0348,220046,BERKSHIRE MEDICAL CENTER,Maragret485 Gutkowski940,GENERAL PRACTICE,F
PRV000349,ORG0349,220108,BETH ISRAEL DEACONESS HOSPITAL - MILTON,Ciara810 Gibson10,GENERAL PRACTICE,F
PRV000350,ORG0350,220083,BETH ISRAEL DEACONESS HOSPITAL - NEEDHAM,Odell776 Greenholt190,GENERAL PRACTICE,F
PRV000351,ORG0351,220060,BETH ISRAEL DEACONESS HOSPITAL PLYMOUTH,Douglas31 Kuhlman484,GENERAL PRACTICE,M
PRV000352,ORG0352,220086,BETH ISRAEL DEACONESS MEDICAL CENTER,Jerrod232 Denesik803,GENERAL PRACTICE,M
PRV000353,ORG0353,223302,BOSTON CHILDREN'S HOSPITAL,Eldora89 Langosh790,GENERAL PRACTICE,F
PRV000354,ORG0354,220031,BOSTON MEDICAL CENTER,Joslyn677 Friesen796,GENERAL PRACTICE,F
PRV000355,ORG0355,220036,BOSTON MEDICAL CENTER-BRIGHTON,Sammy219 Mayert710,GENERAL PRACTICE,M
PRV000356,ORG0356,224022,BOURNEWOOD HOSPITAL,Tyler508 Ferry570,GENERAL PRACTICE,M
PRV000357,ORG0357,220119,BRIGHAM AND WOMEN FAULKNER HOSPITAL,Drew592 Ankunding277,GENERAL PRACTICE,M
PRV000358,ORG0358,220110,BRIGHAM AND WOMEN'S HOSPITAL,Troy560 Carter549,GENERAL PRACTICE,M
PRV000359,ORG0359,220073,BROWN UNIVERSITY HEALTH MORTON HOSPITAL,Eugenio846 Streich926,GENERAL PRACTICE,M
PRV000360,ORG0360,220011,CAMBRIDGE HEALTH ALLIANCE,Antonia30 Hackett68,GENERAL PRACTICE,M
PRV000361,ORG0361,224031,CAPE COD & ISLANDS COMMUNITY MENTAL HEALTH CENTER,Hank686 Kemmer137,GENERAL PRACTICE,M
PRV000362,ORG0362,220012,CAPE COD HOSPITAL,Myrle831 D'Amore443,GENERAL PRACTICE,F
PRV000363,ORG0363,220017,CARNEY HOSPITAL,Mauricio81 Daniel959,GENERAL PRACTICE,M
PRV000364,ORG0364,220015,"COOLEY DICKINSON HOSPITAL INC,THE",Joshua658 Wolf938,GENERAL PRACTICE,M
PRV000365,ORG0365,224028,DR JOHN C CORRIGAN MENTAL HEALTH CENTER,Chris95 Kub800,GENERAL PRACTICE,F
PRV000366,ORG0366,224040,DR SOLOMON CARTER FULLER MENTAL HEALTH CENTER,Dudley365 Kutch271,GENERAL PRACTICE,M
PRV000367,ORG0367,220084,EMERSON HOSPITAL -,Rodrigo242 Serrano248,GENERAL PRACTICE,M
PRV000368,ORG0368,221302,FAIRVIEW HOSPITAL,Mertie42 Orn563,GENERAL PRACTICE,F
PRV000369,ORG0369,220135,FALMOUTH HOSPITAL,David908 Mueller846,GENERAL PRACTICE,M
PRV000370,ORG0370,223300,FRANCISCAN CHILDREN'S HOSPITAL & REHAB CENTER,Leontine92 Schmeler639,GENERAL PRACTICE,F
PRV000371,ORG0371,220111,GOOD SAMARITAN MEDICAL CENTER,Tanner110 Roob72,GENERAL PRACTICE,M
PRV000372,ORG0372,220095,HEYWOOD HOSPITAL -,Kai187 Mann644,GENERAL PRACTICE,F
PRV000373,ORG0373,220080,HOLY FAMILY HOSPITAL,Karlene380 O'Keefe54,GENERAL PRACTICE,F
PRV000374,ORG0374,220024,HOLYOKE MEDICAL CENTER,Lucas404 Nitzsche158,GENERAL PRACTICE,M
PRV000375,ORG0375,224045,HOSPITAL FOR BEHAVIORAL MEDICINE,Jamila16 Conroy74,GENERAL PRACTICE,F
PRV000376,ORG0376,220171,"LAHEY HOSPITAL & MEDICAL CENTER, BURLINGTON",Maria750 Durgan499,GENERAL PRACTICE,M
PRV000377,ORG0377,220063,LOWELL GENERAL HOSPITAL,Laurie826 Pacocha935,GENERAL PRACTICE,F
PRV000378,ORG0378,221300,MARTHA'S VINEYARD HOSPITAL INC,Luis923 Alaniz897,GENERAL PRACTICE,M
PRV000379,ORG0379,220075,MASSACHUSETTS EYE AND EAR INFIRMARY -,Dante562 White193,GENERAL PRACTICE,M
PRV000380,ORG0380,220071,MASSACHUSETTS GENERAL HOSPITAL,Morris740 Runolfsdottir785,GENERAL PRACTICE,M
PRV000381,ORG0381,224007,MCLEAN HOSPITAL CORPORATION,Trey250 Satterfield305,GENERAL PRACTICE,M
PRV000382,ORG0382,220070,MELROSEWAKEFIELD HEALTHCARE,Antonette454 Tromp100,GENERAL PRACTICE,F
PRV000383,ORG0383,220066,MERCY MEDICAL CTR,Ryan260 Kshlerin58,GENERAL PRACTICE,F
PRV000384,ORG0384,220010,MERRIMACK HEALTH LAWRENCE HOSPITAL,Ellis535 Ernser583,GENERAL PRACTICE,M
PRV000385,ORG0385,220175,METROWEST MEDICAL CENTER,Margarito178 Welch179,GENERAL PRACTICE,M
PRV000386,ORG0386,220090,MILFORD REGIONAL MEDICAL CENTER,Todd315 Steuber698,GENERAL PRACTICE,M
PRV000387,ORG0387,224046,MIRAVISTA BEHAVIORAL HEALTH CENTER,Ai120 Hyatt152,GENERAL PRACTICE,F
PRV000388,ORG0388,220002,MOUNT AUBURN HOSPITAL,Josef103 Miller503,GENERAL PRACTICE,M
PRV000389,ORG0389,220177,NANTUCKET COTTAGE HOSPITAL,Halina47 Pollich983,GENERAL PRACTICE,F
PRV000390,ORG0390,220098,NASHOBA VALLEY MEDICAL CENTER,Araceli695 Willms744,GENERAL PRACTICE,F
PRV000391,ORG0391,220088,NEW ENGLAND BAPTIST HOSPITAL,Somer38 Wisozk929,GENERAL PRACTICE,F
PRV000392,ORG0392,220101,NEWTON-WELLESLEY HOSPITAL,Theo630 Weissnat378,GENERAL PRACTICE,F
PRV000393,ORG0393,221304,NORTH ADAMS REGIONAL HOSPITAL CORPORATION,Gordon377 Monahan736,GENERAL PRACTICE,M
PRV000394,ORG0394,220035,NORTH SHORE MEDICAL CENTER -,Adán600 Abeyta738,GENERAL PRACTICE,M
PRV000395,ORG0395,22009F,NORTHAMPTON VA MEDICAL CENTER,Annita733 Frami345,GENERAL PRACTICE,F
PRV000396,ORG0396,220033,NORTHEAST HOSPITAL CORPORATION,Julienne688 Buckridge80,GENERAL PRACTICE,F
PRV000397,ORG0397,220126,NORWOOD HOSPITAL,Kimberlie352 Kertzmann286,GENERAL PRACTICE,F
PRV000398,ORG0398,220020,SAINT ANNE'S HOSPITAL,Odessa199 Hintz995,GENERAL PRACTICE,F
PRV000399,ORG0399,220052,SIGNATURE HEALTHCARE BROCKTON HOSPITAL,Trevor374 Williamson769,GENERAL PRACTICE,M
PRV000400,ORG0400,220100,SOUTH SHORE HOSPITAL,Patsy569 Olson653,GENERAL PRACTICE,F
PRV000401,ORG0401,224041,SOUTHCOAST BEHAVIORAL HEALTH,Shawnna218 Daniel959,GENERAL PRACTICE,F
PRV000402,ORG0402,220074,SOUTHCOAST HOSPITALS GROUP,Chelsey293 Simonis280,GENERAL PRACTICE,F
PRV000403,ORG0403,220176,ST VINCENT HOSPITAL,Nu535 Huel628,GENERAL PRACTICE,F
PRV000404,ORG0404,220008,STURDY MEMORIAL HOSPITAL,Arron144 Kassulke119,GENERAL PRACTICE,M
PRV000405,ORG0405,224043,TARAVISTA BEHAVIORAL HEALTH CENTER,Jude172 Hammes673,GENERAL PRACTICE,M
PRV000406,ORG0406,224001,TAUNTON STATE HOSPITAL,Magdalena964 Torphy630,GENERAL PRACTICE,F
PRV000407,ORG0407,223304,THE SHRINERS' HOSPITAL FOR CHILDREN - BOSTON,Dewayne363 Lemke654,GENERAL PRACTICE,M
PRV000408,ORG0408,220116,TUFTS MEDICAL CENTER,Maria750 Koepp521,GENERAL PRACTICE,M
PRV000409,ORG0409,220019,UMASS MEMORIAL HEALTH - HARRINGTON HOSPITAL,Felica690 Farrell962,GENERAL PRACTICE,F
PRV000410,ORG0410,220001,UMASS MEMORIAL HEALTHALLIANCE HOSPITALS,Lilia791 Murillo232,GENERAL PRACTICE,F
PRV000411,ORG0411,220049,UMASS MEMORIAL HEALTHCARE-MARLBOROUGH HOSPITAL,Celestina960 Reichert620,GENERAL PRACTICE,F
PRV000412,ORG0412,220163,UMASS MEMORIAL MEDICAL CENTER/UNIVERSITY CAMPUS,Enriqueta274 Barton704,GENERAL PRACTICE,F
PRV000413,ORG0413,22010F,VA BOSTON HEALTHCARE SYSTEM - JAMAICA PLAIN,Adriana394 Calderón210,GENERAL PRACTICE,F
PRV000414,ORG0414,224047,VALLEY SPRINGS BEHAVIORAL HEALTH HOSPITAL,Robby860 Abshire638,GENERAL PRACTICE,M
PRV000415,ORG0415,224038,"WALDEN BEHAVIORAL CARE, LLC",Karey608 Kerluke267,GENERAL PRACTICE,F
PRV000416,ORG0416,224044,WESTBOROUGH BEHAVIORAL HEALTHCARE HOSPITAL LLC,Alina705 Rohan584,GENERAL PRACTICE,F
PRV000417,ORG0417,224023,WESTWOOD PEMBROKE HEALTH SYSTEMS,María José279 Marrero674,GENERAL PRACTICE,F
PRV000418,ORG0418,224039,WHITTIER PAVILION,Wilmer32 Stoltenberg489,GENERAL PRACTICE,M
PRV000419,ORG0419,220105,WINCHESTER HOSPITAL,Alvin56 Hayes766,GENERAL PRACTICE,M
PRV000420,ORG0420,224032,WORCESTER RECOVERY CENTER AND HOSPITAL,Brock407 Bergstrom287,GENERAL PRACTICE,M
PRV000421,ORG0421,220062,ADCARE HOSPITAL OF WORCESTER INC,Spencer878 Mills423,GENERAL PRACTICE,M
PRV000422,ORG0422,220029,ANNA JAQUES HOSPITAL,Charley358 Hermiston71,GENERAL PRACTICE,M
PRV000423,ORG0423,224013,ARBOUR HOSPITAL,Azzie965 Feil794,GENERAL PRACTICE,F
PRV000424,ORG0424,224018,ARBOUR HUMAN RESOURCE INSTITUTE,Vida128 Kohler843,GENERAL PRACTICE,F
PRV000425,ORG0425,224021,ARBOUR-FULLER HOSPITAL,Bree992 Denesik803,GENERAL PRACTICE,F
PRV000426,ORG0426,221303,ATHOL MEMORIAL HOSPITAL,Walton167 Turner526,GENERAL PRACTICE,M
PRV000427,ORG0427,220016,BAYSTATE FRANKLIN MEDICAL CENTER,Carli641 Witting912,GENERAL PRACTICE,F
PRV000428,ORG0428,220077,BAYSTATE MEDICAL CENTER,Anderson154 Kunze215,GENERAL PRACTICE,M
PRV000429,ORG0429,220065,BAYSTATE NOBLE HOSPITAL,Tarra676 Cremin516,GENERAL PRACTICE,F
PRV000430,ORG0430,220030,BAYSTATE WING HOSPITAL,Kandi717 Beahan375,GENERAL PRACTICE,F
PRV000431,ORG0431,22001F,BEDFORD VA MEDICAL CENTER,Javier97 Sánchez310,GENERAL PRACTICE,M
PRV000432,ORG0432,220046,BERKSHIRE MEDICAL CENTER,Buddy254 Ullrich385,GENERAL PRACTICE,M
PRV000433,ORG0433,220108,BETH ISRAEL DEACONESS HOSPITAL - MILTON,Shawn523 Padberg411,GENERAL PRACTICE,F
PRV000434,ORG0434,220083,BETH ISRAEL DEACONESS HOSPITAL - NEEDHAM,Nerissa37 Hahn503,GENERAL PRACTICE,F
PRV000435,ORG0435,220060,BETH ISRAEL DEACONESS HOSPITAL PLYMOUTH,Stephen891 Stamm704,GENERAL PRACTICE,F
PRV000436,ORG0436,220086,BETH ISRAEL DEACONESS MEDICAL CENTER,Thomas756 Strosin214,GENERAL PRACTICE,M
PRV000437,ORG0437,223302,BOSTON CHILDREN'S HOSPITAL,Darren774 Cronin387,GENERAL PRACTICE,M
PRV000438,ORG0438,220031,BOSTON MEDICAL CENTER,Jaime666 Naranjo39,GENERAL PRACTICE,M
PRV000439,ORG0439,220036,BOSTON MEDICAL CENTER-BRIGHTON,Ettie537 Baumbach677,GENERAL PRACTICE,F
PRV000440,ORG0440,224022,BOURNEWOOD HOSPITAL,Colton403 Shields502,GENERAL PRACTICE,M
PRV000441,ORG0441,220119,BRIGHAM AND WOMEN FAULKNER HOSPITAL,Kyong970 Dach178,GENERAL PRACTICE,F
PRV000442,ORG0442,220110,BRIGHAM AND WOMEN'S HOSPITAL,Forest317 Hilll811,GENERAL PRACTICE,M
PRV000443,ORG0443,220073,BROWN UNIVERSITY HEALTH MORTON HOSPITAL,Sunni15 Schroeder447,GENERAL PRACTICE,F
PRV000444,ORG0444,220011,CAMBRIDGE HEALTH ALLIANCE,Karri995 Reinger292,GENERAL PRACTICE,F
PRV000445,ORG0445,224031,CAPE COD & ISLANDS COMMUNITY MENTAL HEALTH CENTER,Emma804 Larkin917,GENERAL PRACTICE,F
PRV000446,ORG0446,220012,CAPE COD HOSPITAL,Eddie505 Keeling57,GENERAL PRACTICE,F
PRV000447,ORG0447,220017,CARNEY HOSPITAL,Tamika537 Flatley871,GENERAL PRACTICE,F
PRV000448,ORG0448,220015,"COOLEY DICKINSON HOSPITAL INC,THE",Sacha430 Wisoky380,GENERAL PRACTICE,F
PRV000449,ORG0449,224028,DR JOHN C CORRIGAN MENTAL HEALTH CENTER,Monroe732 Ankunding277,GENERAL PRACTICE,M
PRV000450,ORG0450,224040,DR SOLOMON CARTER FULLER MENTAL HEALTH CENTER,Trinidad33 Mertz280,GENERAL PRACTICE,M
PRV000451,ORG0451,220084,EMERSON HOSPITAL -,Damon455 Schultz619,GENERAL PRACTICE,M
PRV000452,ORG0452,221302,FAIRVIEW HOSPITAL,Terrence276 Kiehn525,GENERAL PRACTICE,M
PRV000453,ORG0453,220135,FALMOUTH HOSPITAL,Junior695 Kuhlman484,GENERAL PRACTICE,M
PRV000454,ORG0454,223300,FRANCISCAN CHILDREN'S HOSPITAL & REHAB CENTER,Del587 Nicolas769,GENERAL PRACTICE,M
PRV000455,ORG0455,220111,GOOD SAMARITAN MEDICAL CENTER,Elicia233 Huels583,GENERAL PRACTICE,F
PRV000456,ORG0456,220095,HEYWOOD HOSPITAL -,Eustolia154 Paucek755,GENERAL PRACTICE,F
PRV000457,ORG0457,220080,HOLY FAMILY HOSPITAL,Bertram873 Goyette777,GENERAL PRACTICE,M
PRV000458,ORG0458,220024,HOLYOKE MEDICAL CENTER,Nikki942 Hilll811,GENERAL PRACTICE,F
PRV000459,ORG0459,224045,HOSPITAL FOR BEHAVIORAL MEDICINE,Liberty95 Kihn564,GENERAL PRACTICE,F
PRV000460,ORG0460,220171,"LAHEY HOSPITAL & MEDICAL CENTER, BURLINGTON",Dee580 Trantow673,GENERAL PRACTICE,F
PRV000461,ORG0461,220063,LOWELL GENERAL HOSPITAL,Saturnina961 Gibson10,GENERAL PRACTICE,F
PRV000462,ORG0462,221300,MARTHA'S VINEYARD HOSPITAL INC,Enola75 Schinner682,GENERAL PRACTICE,F
PRV000463,ORG0463,220075,MASSACHUSETTS EYE AND EAR INFIRMARY -,Frederick289 Bins636,GENERAL PRACTICE,M
PRV000464,ORG0464,220071,MASSACHUSETTS GENERAL HOSPITAL,Mozell819 Prohaska837,GENERAL PRACTICE,F
PRV000465,ORG0465,224007,MCLEAN HOSPITAL CORPORATION,Elijah719 Flatley871,GENERAL PRACTICE,M
PRV000466,ORG0466,220070,MELROSEWAKEFIELD HEALTHCARE,Ricardo560 Olvera69,GENERAL PRACTICE,M
PRV000467,ORG0467,220066,MERCY MEDICAL CTR,Nilda678 Crona259,GENERAL PRACTICE,F
PRV000468,ORG0468,220010,MERRIMACK HEALTH LAWRENCE HOSPITAL,Viki353 Boehm581,GENERAL PRACTICE,F
PRV000469,ORG0469,220175,METROWEST MEDICAL CENTER,Fidel864 Swift555,GENERAL PRACTICE,M
PRV000470,ORG0470,220090,MILFORD REGIONAL MEDICAL CENTER,Alfred550 Goldner995,GENERAL PRACTICE,M
PRV000471,ORG0471,224046,MIRAVISTA BEHAVIORAL HEALTH CENTER,Lavonna163 Johnson679,GENERAL PRACTICE,F
PRV000472,ORG0472,220002,MOUNT AUBURN HOSPITAL,Trenton748 Bernier607,GENERAL PRACTICE,M
PRV000473,ORG0473,220177,NANTUCKET COTTAGE HOSPITAL,Lovie151 Schoen8,GENERAL PRACTICE,F
PRV000474,ORG0474,220098,NASHOBA VALLEY MEDICAL CENTER,Merrilee429 Daugherty69,GENERAL PRACTICE,F
PRV000475,ORG0475,220088,NEW ENGLAND BAPTIST HOSPITAL,Barbara209 Aranda843,GENERAL PRACTICE,F
PRV000476,ORG0476,220101,NEWTON-WELLESLEY HOSPITAL,Alton320 Dibbert990,GENERAL PRACTICE,M
PRV000477,ORG0477,221304,NORTH ADAMS REGIONAL HOSPITAL CORPORATION,Jettie913 Rodriguez71,GENERAL PRACTICE,F
PRV000478,ORG0478,220035,NORTH SHORE MEDICAL CENTER -,Ila598 Boyer713,GENERAL PRACTICE,F
PRV000479,ORG0479,22009F,NORTHAMPTON VA MEDICAL CENTER,Lesha323 Skiles927,GENERAL PRACTICE,F
PRV000480,ORG0480,220033,NORTHEAST HOSPITAL CORPORATION,Brock407 Hammes673,GENERAL PRACTICE,M
PRV000481,ORG0481,220126,NORWOOD HOSPITAL,Mohamed943 Hartmann983,GENERAL PRACTICE,M
PRV000482,ORG0482,220020,SAINT ANNE'S HOSPITAL,Shameka870 Reichert620,GENERAL PRACTICE,F
PRV000483,ORG0483,220052,SIGNATURE HEALTHCARE BROCKTON HOSPITAL,Nan75 Collins926,GENERAL PRACTICE,F
PRV000484,ORG0484,220100,SOUTH SHORE HOSPITAL,Jamel269 Hudson301,GENERAL PRACTICE,M
PRV000485,ORG0485,224041,SOUTHCOAST BEHAVIORAL HEALTH,Mana631 Boehm581,GENERAL PRACTICE,F
PRV000486,ORG0486,220074,SOUTHCOAST HOSPITALS GROUP,Cassi819 McClure239,GENERAL PRACTICE,F
PRV000487,ORG0487,220176,ST VINCENT HOSPITAL,Buford910 Dach178,GENERAL PRACTICE,M
PRV000488,ORG0488,220008,STURDY MEMORIAL HOSPITAL,Fritz267 Kirlin939,GENERAL PRACTICE,M
PRV000489,ORG0489,224043,TARAVISTA BEHAVIORAL HEALTH CENTER,Almeda560 Okuneva707,GENERAL PRACTICE,F
PRV000490,ORG0490,224001,TAUNTON STATE HOSPITAL,Adolfo777 Abernathy524,GENERAL PRACTICE,M
PRV000491,ORG0491,223304,THE SHRINERS' HOSPITAL FOR CHILDREN - BOSTON,Roberto515 Tromp100,GENERAL PRACTICE,M
PRV000492,ORG0492,220116,TUFTS MEDICAL CENTER,Chun678 Armstrong51,GENERAL PRACTICE,F
PRV000493,ORG0493,220019,UMASS MEMORIAL HEALTH - HARRINGTON HOSPITAL,Maren639 Aufderhar910,GENERAL PRACTICE,F
PRV000494,ORG0494,220001,UMASS MEMORIAL HEALTHALLIANCE HOSPITALS,Madeline975 Friesen796,GENERAL PRACTICE,F
PRV000495,ORG0495,220049,UMASS MEMORIAL HEALTHCARE-MARLBOROUGH HOSPITAL,Josephine273 Collier206,GENERAL PRACTICE,F
PRV000496,ORG0496,220163,UMASS MEMORIAL MEDICAL CENTER/UNIVERSITY CAMPUS,Kirstin394 Bashirian201,GENERAL PRACTICE,F
PRV000497,ORG0497,22010F,VA BOSTON HEALTHCARE SYSTEM - JAMAICA PLAIN,Cody889 Ratke343,GENERAL PRACTICE,F
PRV000498,ORG0498,224047,VALLEY SPRINGS BEHAVIORAL HEALTH HOSPITAL,Eliseo499 Reinger292,GENERAL PRACTICE,M
PRV000499,ORG0499,224038,"WALDEN BEHAVIORAL CARE, LLC",Noe500 Roob72,GENERAL PRACTICE,M
PRV000500,ORG0500,224044,WESTBOROUGH BEHAVIORAL HEALTHCARE HOSPITAL LLC,Carlton317 Koch169,GENERAL PRACTICE,M
PRV000501,ORG0501,224023,WESTWOOD PEMBROKE HEALTH SYSTEMS,Armand155 Towne435,GENERAL PRACTICE,M
PRV000502,ORG0502,224039,WHITTIER PAVILION,Kourtney511 Rempel203,GENERAL PRACTICE,F
PRV000503,ORG0503,220105,WINCHESTER HOSPITAL,Genevie117 Gibson10,GENERAL PRACTICE,F
PRV000504,ORG0504,224032,WORCESTER RECOVERY CENTER AND HOSPITAL,Margaret865 Reinger292,GENERAL PRACTICE,F
PRV000505,ORG0505,220062,ADCARE HOSPITAL OF WORCESTER INC,Andreas188 Swaniawski813,GENERAL PRACTICE,M
PRV000506,ORG0506,220029,ANNA JAQUES HOSPITAL,Lizabeth515 Bergstrom287,GENERAL PRACTICE,F
PRV000507,ORG0507,224013,ARBOUR HOSPITAL,Marlin805 Breitenberg711,GENERAL PRACTICE,M
PRV000508,ORG0508,224018,ARBOUR HUMAN RESOURCE INSTITUTE,Whitney250 Wiza601,GENERAL PRACTICE,M
PRV000509,ORG0509,224021,ARBOUR-FULLER HOSPITAL,Imogene688 Braun514,GENERAL PRACTICE,F
PRV000510,ORG0510,221303,ATHOL MEMORIAL HOSPITAL,Kirk871 Erdman779,GENERAL PRACTICE,M
PRV000511,ORG0511,220016,BAYSTATE FRANKLIN MEDICAL CENTER,José3 Menéndez746,GENERAL PRACTICE,M
PRV000512,ORG0512,220077,BAYSTATE MEDICAL CENTER,Reggie481 Kassulke119,GENERAL PRACTICE,M
PRV000513,ORG0513,220065,BAYSTATE NOBLE HOSPITAL,Fae378 Wiza601,GENERAL PRACTICE,F
PRV000514,ORG0514,220030,BAYSTATE WING HOSPITAL,Malcolm243 Kuvalis369,GENERAL PRACTICE,M
PRV000515,ORG0515,22001F,BEDFORD VA MEDICAL CENTER,Melvin857 Nikolaus26,GENERAL PRACTICE,M
PRV000516,ORG0516,220046,BERKSHIRE MEDICAL CENTER,Brant303 Lebsack687,GENERAL PRACTICE,M
PRV000517,ORG0517,220108,BETH ISRAEL DEACONESS HOSPITAL - MILTON,Miguel815 Roberts511,GENERAL PRACTICE,M
PRV000518,ORG0518,220083,BETH ISRAEL DEACONESS HOSPITAL - NEEDHAM,Luis Miguel102 Beltrán716,GENERAL PRACTICE,M
PRV000519,ORG0519,220060,BETH ISRAEL DEACONESS HOSPITAL PLYMOUTH,Mignon230 Ullrich385,GENERAL PRACTICE,F
PRV000520,ORG0520,220086,BETH ISRAEL DEACONESS MEDICAL CENTER,Keneth579 Schulist381,GENERAL PRACTICE,M
PRV000521,ORG0521,223302,BOSTON CHILDREN'S HOSPITAL,Wanetta360 Schumm995,GENERAL PRACTICE,F
PRV000522,ORG0522,220031,BOSTON MEDICAL CENTER,Boris111 Wehner319,GENERAL PRACTICE,M
PRV000523,ORG0523,220036,BOSTON MEDICAL CENTER-BRIGHTON,Deangelo7 Hintz995,GENERAL PRACTICE,M
PRV000524,ORG0524,224022,BOURNEWOOD HOSPITAL,Clelia416 Morissette863,GENERAL PRACTICE,F
PRV000525,ORG0525,220119,BRIGHAM AND WOMEN FAULKNER HOSPITAL,Morton637 Huels583,GENERAL PRACTICE,M
PRV000526,ORG0526,220110,BRIGHAM AND WOMEN'S HOSPITAL,María José279 Cabán897,GENERAL PRACTICE,F
PRV000527,ORG0527,220073,BROWN UNIVERSITY HEALTH MORTON HOSPITAL,Larraine124 Torphy630,GENERAL PRACTICE,F
PRV000528,ORG0528,220011,CAMBRIDGE HEALTH ALLIANCE,Sandie760 Rodriguez71,GENERAL PRACTICE,F
PRV000529,ORG0529,224031,CAPE COD & ISLANDS COMMUNITY MENTAL HEALTH CENTER,Francis500 Lehner980,GENERAL PRACTICE,M
PRV000530,ORG0530,220012,CAPE COD HOSPITAL,Jimmie93 Mayert710,GENERAL PRACTICE,M
PRV000531,ORG0531,220017,CARNEY HOSPITAL,Astrid395 Huels583,GENERAL PRACTICE,F
PRV000532,ORG0532,220015,"COOLEY DICKINSON HOSPITAL INC,THE",Arden380 Bergstrom287,GENERAL PRACTICE,M
PRV000533,ORG0533,224028,DR JOHN C CORRIGAN MENTAL HEALTH CENTER,Dusty207 Lynch190,GENERAL PRACTICE,F
PRV000534,ORG0534,224040,DR SOLOMON CARTER FULLER MENTAL HEALTH CENTER,Rod343 Durgan499,GENERAL PRACTICE,M
PRV000535,ORG0535,220084,EMERSON HOSPITAL -,Buena501 Swift555,GENERAL PRACTICE,F
PRV000536,ORG0536,221302,FAIRVIEW HOSPITAL,Errol226 Kiehn525,GENERAL PRACTICE,M
PRV000537,ORG0537,220135,FALMOUTH HOSPITAL,Ollie731 Dooley940,GENERAL PRACTICE,M
PRV000538,ORG0538,223300,FRANCISCAN CHILDREN'S HOSPITAL & REHAB CENTER,Karin721 Sporer811,GENERAL PRACTICE,F
PRV000539,ORG0539,220111,GOOD SAMARITAN MEDICAL CENTER,Lyndon118 Trantow673,GENERAL PRACTICE,M
PRV000540,ORG0540,220095,HEYWOOD HOSPITAL -,Werner409 Gerhold939,GENERAL PRACTICE,M
PRV000541,ORG0541,220080,HOLY FAMILY HOSPITAL,Linette249 Runte676,GENERAL PRACTICE,F
PRV000542,ORG0542,220024,HOLYOKE MEDICAL CENTER,Kerrie266 Bergstrom287,GENERAL PRACTICE,F
PRV000543,ORG0543,224045,HOSPITAL FOR BEHAVIORAL MEDICINE,Sunshine777 Leannon79,GENERAL PRACTICE,F
PRV000544,ORG0544,220171,"LAHEY HOSPITAL & MEDICAL CENTER, BURLINGTON",Marc757 Greenholt190,GENERAL PRACTICE,M
PRV000545,ORG0545,220063,LOWELL GENERAL HOSPITAL,Peter292 Crona259,GENERAL PRACTICE,M
PRV000546,ORG0546,221300,MARTHA'S VINEYARD HOSPITAL INC,Pearline482 Pagac496,GENERAL PRACTICE,F
PRV000547,ORG0547,220075,MASSACHUSETTS EYE AND EAR INFIRMARY -,Almeta56 Lehner980,GENERAL PRACTICE,F
PRV000548,ORG0548,220071,MASSACHUSETTS GENERAL HOSPITAL,Hunter736 Howe413,GENERAL PRACTICE,M
PRV000549,ORG0549,224007,MCLEAN HOSPITAL CORPORATION,Ian270 Flatley871,GENERAL PRACTICE,M
PRV000550,ORG0550,220070,MELROSEWAKEFIELD HEALTHCARE,Silva841 Grimes165,GENERAL PRACTICE,F
PRV000551,ORG0551,220066,MERCY MEDICAL CTR,Adela471 King743,GENERAL PRACTICE,F
PRV000552,ORG0552,220010,MERRIMACK HEALTH LAWRENCE HOSPITAL,Kyle55 Halvorson124,GENERAL PRACTICE,M
PRV000553,ORG0553,220175,METROWEST MEDICAL CENTER,Madalyn472 Hoppe518,GENERAL PRACTICE,F
PRV000554,ORG0554,220090,MILFORD REGIONAL MEDICAL CENTER,Carroll471 Eichmann909,GENERAL PRACTICE,M
PRV000555,ORG0555,224046,MIRAVISTA BEHAVIORAL HEALTH CENTER,Lanette41 Murray856,GENERAL PRACTICE,F
PRV000556,ORG0556,220002,MOUNT AUBURN HOSPITAL,Salvatore257 Nolan344,GENERAL PRACTICE,M
PRV000557,ORG0557,220177,NANTUCKET COTTAGE HOSPITAL,Earnest658 King743,GENERAL PRACTICE,M
PRV000558,ORG0558,220098,NASHOBA VALLEY MEDICAL CENTER,Alysia661 Bogan287,GENERAL PRACTICE,F
PRV000559,ORG0559,220088,NEW ENGLAND BAPTIST HOSPITAL,Kellee902 Buckridge80,GENERAL PRACTICE,F
PRV000560,ORG0560,220101,NEWTON-WELLESLEY HOSPITAL,Nilsa143 Moore224,GENERAL PRACTICE,F
PRV000561,ORG0561,221304,NORTH ADAMS REGIONAL HOSPITAL CORPORATION,Antwan357 Lindgren255,GENERAL PRACTICE,M
PRV000562,ORG0562,220035,NORTH SHORE MEDICAL CENTER -,Elijah719 White193,GENERAL PRACTICE,M
PRV000563,ORG0563,22009F,NORTHAMPTON VA MEDICAL CENTER,Ray930 Lueilwitz711,GENERAL PRACTICE,M
PRV000564,ORG0564,220033,NORTHEAST HOSPITAL CORPORATION,Cleo27 Lehner980,GENERAL PRACTICE,M
PRV000565,ORG0565,220126,NORWOOD HOSPITAL,Millard193 Doyle959,GENERAL PRACTICE,M
PRV000566,ORG0566,220020,SAINT ANNE'S HOSPITAL,Waldo53 Hintz995,GENERAL PRACTICE,M
PRV000567,ORG0567,220052,SIGNATURE HEALTHCARE BROCKTON HOSPITAL,Lady554 Kovacek682,GENERAL PRACTICE,F
PRV000568,ORG0568,220100,SOUTH SHORE HOSPITAL,Cinderella355 Koelpin146,GENERAL PRACTICE,F
PRV000569,ORG0569,224041,SOUTHCOAST BEHAVIORAL HEALTH,Clyde817 Konopelski743,GENERAL PRACTICE,F
PRV000570,ORG0570,220074,SOUTHCOAST HOSPITALS GROUP,Laci507 O'Keefe54,GENERAL PRACTICE,F
PRV000571,ORG0571,220176,ST VINCENT HOSPITAL,Kathe603 Davis923,GENERAL PRACTICE,F
PRV000572,ORG0572,220008,STURDY MEMORIAL HOSPITAL,Hal307 Wiegand701,GENERAL PRACTICE,M
PRV000573,ORG0573,224043,TARAVISTA BEHAVIORAL HEALTH CENTER,Idella49 Runte676,GENERAL PRACTICE,F
PRV000574,ORG0574,224001,TAUNTON STATE HOSPITAL,Elaina826 Ferry570,GENERAL PRACTICE,F
PRV000575,ORG0575,223304,THE SHRINERS' HOSPITAL FOR CHILDREN - BOSTON,Aaron697 Strosin214,GENERAL PRACTICE,M
PRV000576,ORG0576,220116,TUFTS MEDICAL CENTER,Cristy798 Auer97,GENERAL PRACTICE,F
PRV000577,ORG0577,220019,UMASS MEMORIAL HEALTH - HARRINGTON HOSPITAL,Elvira561 Ureña88,GENERAL PRACTICE,F
PRV000578,ORG0578,220001,UMASS MEMORIAL HEALTHALLIANCE HOSPITALS,Derick144 Bashirian201,GENERAL PRACTICE,M
PRV000579,ORG0579,220049,UMASS MEMORIAL HEALTHCARE-MARLBOROUGH HOSPITAL,Norah104 Jenkins714,GENERAL PRACTICE,F
PRV000580,ORG0580,220163,UMASS MEMORIAL MEDICAL CENTER/UNIVERSITY CAMPUS,Jill895 Hagenes547,GENERAL PRACTICE,F
PRV000581,ORG0581,22010F,VA BOSTON HEALTHCARE SYSTEM - JAMAICA PLAIN,Odilia72 Mraz590,GENERAL PRACTICE,F
PRV000582,ORG0582,224047,VALLEY SPRINGS BEHAVIORAL HEALTH HOSPITAL,Cristina921 Salazar800,GENERAL PRACTICE,F
PRV000583,ORG0583,224038,"WALDEN BEHAVIORAL CARE, LLC",Silvia880 Howe413,GENERAL PRACTICE,F
PRV000584,ORG0584,224044,WESTBOROUGH BEHAVIORAL HEALTHCARE HOSPITAL LLC,Duane703 Koelpin146,GENERAL PRACTICE,M
PRV000585,ORG0585,224023,WESTWOOD PEMBROKE HEALTH SYSTEMS,Errol226 Gaylord332,GENERAL PRACTICE,M
PRV000586,ORG0586,224039,WHITTIER PAVILION,Xavier983 Lubowitz58,GENERAL PRACTICE,M
PRV000587,ORG0587,220105,WINCHESTER HOSPITAL,Jose871 Dicki44,GENERAL PRACTICE,M
PRV000588,ORG0588,224032,WORCESTER RECOVERY CENTER AND HOSPITAL,Jewel43 Kassulke119,GENERAL PRACTICE,M
PRV000589,ORG0589,220062,ADCARE HOSPITAL OF WORCESTER INC,Maggie320 Eichmann909,GENERAL PRACTICE,F
PRV000590,ORG0590,220029,ANNA JAQUES HOSPITAL,Rubin812 Cummerata161,GENERAL PRACTICE,M
PRV000591,ORG0591,224013,ARBOUR HOSPITAL,Etsuko685 Torp761,GENERAL PRACTICE,F
PRV000592,ORG0592,224018,ARBOUR HUMAN RESOURCE INSTITUTE,Chanell45 Robel940,GENERAL PRACTICE,F
PRV000593,ORG0593,224021,ARBOUR-FULLER HOSPITAL,Dennis979 Effertz744,GENERAL PRACTICE,F
PRV000594,ORG0594,221303,ATHOL MEMORIAL HOSPITAL,Theron432 Bednar518,GENERAL PRACTICE,M
PRV000595,ORG0595,220016,BAYSTATE FRANKLIN MEDICAL CENTER,Lenard338 Robel940,GENERAL PRACTICE,M
PRV000596,ORG0596,220077,BAYSTATE MEDICAL CENTER,Kristle148 Rodriguez71,GENERAL PRACTICE,F
PRV000597,ORG0597,220065,BAYSTATE NOBLE HOSPITAL,Isaias604 Dickinson688,GENERAL PRACTICE,M
PRV000598,ORG0598,220030,BAYSTATE WING HOSPITAL,Vicente970 Gamboa193,GENERAL PRACTICE,M
PRV000599,ORG0599,22001F,BEDFORD VA MEDICAL CENTER,Dusti191 Howe413,GENERAL PRACTICE,F
PRV000600,ORG0600,220046,BERKSHIRE MEDICAL CENTER,Mathew182 Cummings51,GENERAL PRACTICE,M
PRV000601,ORG0601,220108,BETH ISRAEL DEACONESS HOSPITAL - MILTON,Reina25 Quesada500,GENERAL PRACTICE,F
PRV000602,ORG0602,220083,BETH ISRAEL DEACONESS HOSPITAL - NEEDHAM,Luna60 Littel644,GENERAL PRACTICE,F
PRV000603,ORG0603,220060,BETH ISRAEL DEACONESS HOSPITAL PLYMOUTH,Dan465 Block661,GENERAL PRACTICE,M
PRV000604,ORG0604,220086,BETH ISRAEL DEACONESS MEDICAL CENTER,Darrick836 Hoppe518,GENERAL PRACTICE,M
PRV000605,ORG0605,223302,BOSTON CHILDREN'S HOSPITAL,Mateo562 Barajas558,GENERAL PRACTICE,M
PRV000606,ORG0606,220031,BOSTON MEDICAL CENTER,Noah480 Pagac496,GENERAL PRACTICE,M
PRV000607,ORG0607,220036,BOSTON MEDICAL CENTER-BRIGHTON,Celine582 Pagac496,GENERAL PRACTICE,F
PRV000608,ORG0608,224022,BOURNEWOOD HOSPITAL,Sheldon401 Hoeger474,GENERAL PRACTICE,M
PRV000609,ORG0609,220119,BRIGHAM AND WOMEN FAULKNER HOSPITAL,Margarita164 Abbott774,GENERAL PRACTICE,F
PRV000610,ORG0610,220110,BRIGHAM AND WOMEN'S HOSPITAL,Benny518 Jast432,GENERAL PRACTICE,M
PRV000611,ORG0611,220073,BROWN UNIVERSITY HEALTH MORTON HOSPITAL,Bonita405 Boyer713,GENERAL PRACTICE,F
PRV000612,ORG0612,220011,CAMBRIDGE HEALTH ALLIANCE,Lahoma872 Macejkovic424,GENERAL PRACTICE,F
PRV000613,ORG0613,224031,CAPE COD & ISLANDS COMMUNITY MENTAL HEALTH CENTER,Mathilde204 Wintheiser220,GENERAL PRACTICE,F
PRV000614,ORG0614,220012,CAPE COD HOSPITAL,Deane47 Howe413,GENERAL PRACTICE,F
PRV000615,ORG0615,220017,CARNEY HOSPITAL,Irina619 Stiedemann542,GENERAL PRACTICE,F
PRV000616,ORG0616,220015,"COOLEY DICKINSON HOSPITAL INC,THE",Rudolf736 Hermiston71,GENERAL PRACTICE,M
PRV000617,ORG0617,224028,DR JOHN C CORRIGAN MENTAL HEALTH CENTER,Denver542 Davis923,GENERAL PRACTICE,M
PRV000618,ORG0618,224040,DR SOLOMON CARTER FULLER MENTAL HEALTH CENTER,Essie785 Schaefer657,GENERAL PRACTICE,F
PRV000619,ORG0619,220084,EMERSON HOSPITAL -,Oda116 Conn188,GENERAL PRACTICE,F
PRV000620,ORG0620,221302,FAIRVIEW HOSPITAL,Caroll955 Rowe323,GENERAL PRACTICE,F
PRV000621,ORG0621,220135,FALMOUTH HOSPITAL,Latasha666 Fay398,GENERAL PRACTICE,F
PRV000622,ORG0622,223300,FRANCISCAN CHILDREN'S HOSPITAL & REHAB CENTER,Rosario163 Kilback373,GENERAL PRACTICE,M
PRV000623,ORG0623,220111,GOOD SAMARITAN MEDICAL CENTER,Floyd420 Prohaska837,GENERAL PRACTICE,M
PRV000624,ORG0624,220095,HEYWOOD HOSPITAL -,Julianne852 Schaefer657,GENERAL PRACTICE,F
PRV000625,ORG0625,220080,HOLY FAMILY HOSPITAL,Sergio619 Volkman526,GENERAL PRACTICE,M
PRV000626,ORG0626,220024,HOLYOKE MEDICAL CENTER,Josh874 Hackett68,GENERAL PRACTICE,M
PRV000627,ORG0627,224045,HOSPITAL FOR BEHAVIORAL MEDICINE,Obdulia648 Schroeder447,GENERAL PRACTICE,F
PRV000628,ORG0628,220171,"LAHEY HOSPITAL & MEDICAL CENTER, BURLINGTON",Elvin140 Marks830,GENERAL PRACTICE,M
PRV000629,ORG0629,220063,LOWELL GENERAL HOSPITAL,Mickey576 Gerlach374,GENERAL PRACTICE,M
PRV000630,ORG0630,221300,MARTHA'S VINEYARD HOSPITAL INC,Rod343 Goyette777,GENERAL PRACTICE,M
PRV000631,ORG0631,220075,MASSACHUSETTS EYE AND EAR INFIRMARY -,Ruth999 Legros616,GENERAL PRACTICE,F
PRV000632,ORG0632,220071,MASSACHUSETTS GENERAL HOSPITAL,Robby860 Schuster709,GENERAL PRACTICE,M
PRV000633,ORG0633,224007,MCLEAN HOSPITAL CORPORATION,Leland44 Bernier607,GENERAL PRACTICE,M
PRV000634,ORG0634,220070,MELROSEWAKEFIELD HEALTHCARE,Dannie881 Howell947,GENERAL PRACTICE,F
PRV000635,ORG0635,220066,MERCY MEDICAL CTR,Burt293 Berge125,GENERAL PRACTICE,M
PRV000636,ORG0636,220010,MERRIMACK HEALTH LAWRENCE HOSPITAL,Carmelita854 Tromp100,GENERAL PRACTICE,F
PRV000637,ORG0637,220175,METROWEST MEDICAL CENTER,Rebekah348 Rippin620,GENERAL PRACTICE,F
PRV000638,ORG0638,220090,MILFORD REGIONAL MEDICAL CENTER,Conchita9 Rosas160,GENERAL PRACTICE,F
PRV000639,ORG0639,224046,MIRAVISTA BEHAVIORAL HEALTH CENTER,Deon400 Fritsch593,GENERAL PRACTICE,M
PRV000640,ORG0640,220002,MOUNT AUBURN HOSPITAL,Quentin28 Fritsch593,GENERAL PRACTICE,M
PRV000641,ORG0641,220177,NANTUCKET COTTAGE HOSPITAL,Casey401 Schultz619,GENERAL PRACTICE,M
PRV000642,ORG0642,220098,NASHOBA VALLEY MEDICAL CENTER,Elli820 Boyle917,GENERAL PRACTICE,F
PRV000643,ORG0643,220088,NEW ENGLAND BAPTIST HOSPITAL,Josefina523 O'Connell601,GENERAL PRACTICE,F
PRV000644,ORG0644,220101,NEWTON-WELLESLEY HOSPITAL,José Eduardo181 Madrigal893,GENERAL PRACTICE,M
PRV000645,ORG0645,221304,NORTH ADAMS REGIONAL HOSPITAL CORPORATION,Tracey100 Hamill307,GENERAL PRACTICE,M
PRV000646,ORG0646,220035,NORTH SHORE MEDICAL CENTER -,Haywood675 Strosin214,GENERAL PRACTICE,M
PRV000647,ORG0647,22009F,NORTHAMPTON VA MEDICAL CENTER,Kari181 Trantow673,GENERAL PRACTICE,F
PRV000648,ORG0648,220033,NORTHEAST HOSPITAL CORPORATION,Delbert384 Carter549,GENERAL PRACTICE,M
PRV000649,ORG0649,220126,NORWOOD HOSPITAL,Emerita401 Satterfield305,GENERAL PRACTICE,F
PRV000650,ORG0650,220020,SAINT ANNE'S HOSPITAL,Jerri638 Stiedemann542,GENERAL PRACTICE,F
PRV000651,ORG0651,220052,SIGNATURE HEALTHCARE BROCKTON HOSPITAL,Theresa98 Schuppe920,GENERAL PRACTICE,F
PRV000652,ORG0652,220100,SOUTH SHORE HOSPITAL,Kisha966 Beahan375,GENERAL PRACTICE,F
PRV000653,ORG0653,224041,SOUTHCOAST BEHAVIORAL HEALTH,Sharron285 Okuneva707,GENERAL PRACTICE,F
PRV000654,ORG0654,220074,SOUTHCOAST HOSPITALS GROUP,Angelika194 Cartwright189,GENERAL PRACTICE,F
PRV000655,ORG0655,220176,ST VINCENT HOSPITAL,Hattie299 Kuhlman484,GENERAL PRACTICE,F
PRV000656,ORG0656,220008,STURDY MEMORIAL HOSPITAL,Javier97 Collier206,GENERAL PRACTICE,M
PRV000657,ORG0657,224043,TARAVISTA BEHAVIORAL HEALTH CENTER,Lindsey52 Crona259,GENERAL PRACTICE,M
PRV000658,ORG0658,224001,TAUNTON STATE HOSPITAL,Rosalie939 Pfannerstill264,GENERAL PRACTICE,F
PRV000659,ORG0659,223304,THE SHRINERS' HOSPITAL FOR CHILDREN - BOSTON,Clemente531 Guevara385,GENERAL PRACTICE,M
PRV000660,ORG0660,220116,TUFTS MEDICAL CENTER,Chassidy418 Heathcote539,GENERAL PRACTICE,F
PRV000661,ORG0661,220019,UMASS MEMORIAL HEALTH - HARRINGTON HOSPITAL,Gene733 Ratke343,GENERAL PRACTICE,M
PRV000662,ORG0662,220001,UMASS MEMORIAL HEALTHALLIANCE HOSPITALS,Sasha806 D'Amore443,GENERAL PRACTICE,F
PRV000663,ORG0663,220049,UMASS MEMORIAL HEALTHCARE-MARLBOROUGH HOSPITAL,Elijah719 Boyle917,GENERAL PRACTICE,M
PRV000664,ORG0664,220163,UMASS MEMORIAL MEDICAL CENTER/UNIVERSITY CAMPUS,Sanjuana985 Cruickshank494,GENERAL PRACTICE,F
PRV000665,ORG0665,22010F,VA BOSTON HEALTHCARE SYSTEM - JAMAICA PLAIN,Linn541 Lynch190,GENERAL PRACTICE,F
PRV000666,ORG0666,224047,VALLEY SPRINGS BEHAVIORAL HEALTH HOSPITAL,Xochitl483 Haley279,GENERAL PRACTICE,F
PRV000667,ORG0667,224038,"WALDEN BEHAVIORAL CARE, LLC",Eugene421 Rohan584,GENERAL PRACTICE,F
PRV000668,ORG0668,224044,WESTBOROUGH BEHAVIORAL HEALTHCARE HOSPITAL LLC,Mohammed454 Cartwright189,GENERAL PRACTICE,M
PRV000669,ORG0669,224023,WESTWOOD PEMBROKE HEALTH SYSTEMS,Emilio417 Barton704,GENERAL PRACTICE,M
PRV000670,ORG0670,224039,WHITTIER PAVILION,Sid118 Hammes673,GENERAL PRACTICE,M
PRV000671,ORG0671,220105,WINCHESTER HOSPITAL,Carmelo33 Turner526,GENERAL PRACTICE,M
PRV000672,ORG0672,224032,WORCESTER RECOVERY CENTER AND HOSPITAL,Corazon138 Bogan287,GENERAL PRACTICE,F
PRV000673,ORG0673,220062,ADCARE HOSPITAL OF WORCESTER INC,Janee223 Harvey63,GENERAL PRACTICE,F
PRV000674,ORG0674,220029,ANNA JAQUES HOSPITAL,Collin529 Johnson679,GENERAL PRACTICE,M
PRV000675,ORG0675,224013,ARBOUR HOSPITAL,Leopoldo762 Keebler762,GENERAL PRACTICE,M
PRV000676,ORG0676,224018,ARBOUR HUMAN RESOURCE INSTITUTE,Rayford811 Bashirian201,GENERAL PRACTICE,M
PRV000677,ORG0677,224021,ARBOUR-FULLER HOSPITAL,Brock407 VonRueden376,GENERAL PRACTICE,M
PRV000678,ORG0678,221303,ATHOL MEMORIAL HOSPITAL,Tomás404 Saucedo620,GENERAL PRACTICE,M
PRV000679,ORG0679,220016,BAYSTATE FRANKLIN MEDICAL CENTER,Clifton91 Veum823,GENERAL PRACTICE,M
PRV000680,ORG0680,220077,BAYSTATE MEDICAL CENTER,Ariel183 Boyer713,GENERAL PRACTICE,F
PRV000681,ORG0681,220065,BAYSTATE NOBLE HOSPITAL,Tynisha348 Bogisich202,GENERAL PRACTICE,F
PRV000682,ORG0682,220030,BAYSTATE WING HOSPITAL,Nicolasa738 Larkin917,GENERAL PRACTICE,F
PRV000683,ORG0683,22001F,BEDFORD VA MEDICAL CENTER,Víctor493 Ceballos171,GENERAL PRACTICE,M
PRV000684,ORG0684,220046,BERKSHIRE MEDICAL CENTER,Selma398 Beier427,GENERAL PRACTICE,F
PRV000685,ORG0685,220108,BETH ISRAEL DEACONESS HOSPITAL - MILTON,Kayce253 Ondricka197,GENERAL PRACTICE,F
PRV000686,ORG0686,220083,BETH ISRAEL DEACONESS HOSPITAL - NEEDHAM,Paz9 Gerlach374,GENERAL PRACTICE,F
PRV000687,ORG0687,220060,BETH ISRAEL DEACONESS HOSPITAL PLYMOUTH,Christena299 Smith67,GENERAL PRACTICE,F
PRV000688,ORG0688,220086,BETH ISRAEL DEACONESS MEDICAL CENTER,Refugio197 Crooks415,GENERAL PRACTICE,M
PRV000689,ORG0689,223302,BOSTON CHILDREN'S HOSPITAL,Thomasena108 Gutmann970,GENERAL PRACTICE,F
PRV000690,ORG0690,220031,BOSTON MEDICAL CENTER,Danita413 Becker968,GENERAL PRACTICE,F
PRV000691,ORG0691,220036,BOSTON MEDICAL CENTER-BRIGHTON,Steven797 Schulist381,GENERAL PRACTICE,M
PRV000692,ORG0692,224022,BOURNEWOOD HOSPITAL,Rob341 Larson43,GENERAL PRACTICE,M
PRV000693,ORG0693,220119,BRIGHAM AND WOMEN FAULKNER HOSPITAL,Steve819 McGlynn426,GENERAL PRACTICE,M
PRV000694,ORG0694,220110,BRIGHAM AND WOMEN'S HOSPITAL,Cedrick207 Gleason633,GENERAL PRACTICE,M
PRV000695,ORG0695,220073,BROWN UNIVERSITY HEALTH MORTON HOSPITAL,Laverne101 Schumm995,GENERAL PRACTICE,F
PRV000696,ORG0696,220011,CAMBRIDGE HEALTH ALLIANCE,Elias404 Skiles927,GENERAL PRACTICE,M
PRV000697,ORG0697,224031,CAPE COD & ISLANDS COMMUNITY MENTAL HEALTH CENTER,France571 Feil794,GENERAL PRACTICE,F
PRV000698,ORG0698,220012,CAPE COD HOSPITAL,Gisela897 Veum823,GENERAL PRACTICE,F
PRV000699,ORG0699,220017,CARNEY HOSPITAL,Vince741 Schmidt332,GENERAL PRACTICE,M
PRV000700,ORG0700,220015,"COOLEY DICKINSON HOSPITAL INC,THE",Sam879 Rippin620,GENERAL PRACTICE,F
PRV000701,ORG0701,224028,DR JOHN C CORRIGAN MENTAL HEALTH CENTER,Glynda607 Harvey63,GENERAL PRACTICE,F
PRV000702,ORG0702,224040,DR SOLOMON CARTER FULLER MENTAL HEALTH CENTER,Floy720 Greenfelder433,GENERAL PRACTICE,F
PRV000703,ORG0703,220084,EMERSON HOSPITAL -,Hank686 Schneider199,GENERAL PRACTICE,M
PRV000704,ORG0704,221302,FAIRVIEW HOSPITAL,Terrie907 Ratke343,GENERAL PRACTICE,F
PRV000705,ORG0705,220135,FALMOUTH HOSPITAL,Naoma512 Bashirian201,GENERAL PRACTICE,F
PRV000706,ORG0706,223300,FRANCISCAN CHILDREN'S HOSPITAL & REHAB CENTER,Madelaine318 Walker122,GENERAL PRACTICE,F
PRV000707,ORG0707,220111,GOOD SAMARITAN MEDICAL CENTER,Virgen207 Hyatt152,GENERAL PRACTICE,F
PRV000708,ORG0708,220095,HEYWOOD HOSPITAL -,Ellyn26 Windler79,GENERAL PRACTICE,F
PRV000709,ORG0709,220080,HOLY FAMILY HOSPITAL,Tracie996 Lesch175,GENERAL PRACTICE,F
PRV000710,ORG0710,220024,HOLYOKE MEDICAL CENTER,Jaqueline846 Lemke654,GENERAL PRACTICE,F
PRV000711,ORG0711,224045,HOSPITAL FOR BEHAVIORAL MEDICINE,Jerrod232 Cormier289,GENERAL PRACTICE,M
PRV000712,ORG0712,220171,"LAHEY HOSPITAL & MEDICAL CENTER, BURLINGTON",Wade235 Toy286,GENERAL PRACTICE,M
PRV000713,ORG0713,220063,LOWELL GENERAL HOSPITAL,Dion244 Sanford861,GENERAL PRACTICE,M
PRV000714,ORG0714,221300,MARTHA'S VINEYARD HOSPITAL INC,Shayne60 Gutmann970,GENERAL PRACTICE,M
PRV000715,ORG0715,220075,MASSACHUSETTS EYE AND EAR INFIRMARY -,Phuong301 Wisozk929,GENERAL PRACTICE,F
PRV000716,ORG0716,220071,MASSACHUSETTS GENERAL HOSPITAL,Cora299 Pagac496,GENERAL PRACTICE,F
PRV000717,ORG0717,224007,MCLEAN HOSPITAL CORPORATION,Barrett790 Wolf938,GENERAL PRACTICE,M
PRV000718,ORG0718,220070,MELROSEWAKEFIELD HEALTHCARE,Luther918 Schroeder447,GENERAL PRACTICE,M
PRV000719,ORG0719,220066,MERCY MEDICAL CTR,Elise948 Smitham825,GENERAL PRACTICE,F
PRV000720,ORG0720,220010,MERRIMACK HEALTH LAWRENCE HOSPITAL,Brooks264 Williamson769,GENERAL PRACTICE,M
PRV000721,ORG0721,220175,METROWEST MEDICAL CENTER,Jung484 Lowe577,GENERAL PRACTICE,F
PRV000722,ORG0722,220090,MILFORD REGIONAL MEDICAL CENTER,Gerard367 Pouros728,GENERAL PRACTICE,M
PRV000723,ORG0723,224046,MIRAVISTA BEHAVIORAL HEALTH CENTER,Bea654 Schiller186,GENERAL PRACTICE,F
PRV000724,ORG0724,220002,MOUNT AUBURN HOSPITAL,Felicidad691 Luettgen772,GENERAL PRACTICE,F
PRV000725,ORG0725,220177,NANTUCKET COTTAGE HOSPITAL,Lonnie913 Mraz590,GENERAL PRACTICE,M
PRV000726,ORG0726,220098,NASHOBA VALLEY MEDICAL CENTER,Yesenia104 Wilderman619,GENERAL PRACTICE,F
PRV000727,ORG0727,220088,NEW ENGLAND BAPTIST HOSPITAL,Eufemia350 Casper496,GENERAL PRACTICE,F
PRV000728,ORG0728,220101,NEWTON-WELLESLEY HOSPITAL,Ellie521 Nicolas769,GENERAL PRACTICE,F
PRV000729,ORG0729,221304,NORTH ADAMS REGIONAL HOSPITAL CORPORATION,Bernardo699 Apodaca347,GENERAL PRACTICE,M
PRV000730,ORG0730,220035,NORTH SHORE MEDICAL CENTER -,Tonja658 Goyette777,GENERAL PRACTICE,F
PRV000731,ORG0731,22009F,NORTHAMPTON VA MEDICAL CENTER,Guillermina633 Rivera179,GENERAL PRACTICE,F
PRV000732,ORG0732,220033,NORTHEAST HOSPITAL CORPORATION,Rosanna866 DuBuque211,GENERAL PRACTICE,F
PRV000733,ORG0733,220126,NORWOOD HOSPITAL,Domenic627 Toy286,GENERAL PRACTICE,M
PRV000734,ORG0734,220020,SAINT ANNE'S HOSPITAL,Marietta439 Schmeler639,GENERAL PRACTICE,F
PRV000735,ORG0735,220052,SIGNATURE HEALTHCARE BROCKTON HOSPITAL,Angele108 Bogan287,GENERAL PRACTICE,F
PRV000736,ORG0736,220100,SOUTH SHORE HOSPITAL,Nickolas58 Schumm995,GENERAL PRACTICE,M
PRV000737,ORG0737,224041,SOUTHCOAST BEHAVIORAL HEALTH,Ollie731 Bosco882,GENERAL PRACTICE,F
PRV000738,ORG0738,220074,SOUTHCOAST HOSPITALS GROUP,Drew592 Streich926,GENERAL PRACTICE,M
PRV000739,ORG0739,220176,ST VINCENT HOSPITAL,Harland508 Breitenberg711,GENERAL PRACTICE,M
PRV000740,ORG0740,220008,STURDY MEMORIAL HOSPITAL,Josephina269 Bechtelar572,GENERAL PRACTICE,F
PRV000741,ORG0741,224043,TARAVISTA BEHAVIORAL HEALTH CENTER,Karry11 Tillman293,GENERAL PRACTICE,F
PRV000742,ORG0742,224001,TAUNTON STATE HOSPITAL,Kirk871 Hills818,GENERAL PRACTICE,M
PRV000743,ORG0743,223304,THE SHRINERS' HOSPITAL FOR CHILDREN - BOSTON,Rolland302 Turcotte120,GENERAL PRACTICE,M
PRV000744,ORG0744,220116,TUFTS MEDICAL CENTER,Lacy523 White193,GENERAL PRACTICE,M
PRV000745,ORG0745,220019,UMASS MEMORIAL HEALTH - HARRINGTON HOSPITAL,Malka46 Gerhold939,GENERAL PRACTICE,F
PRV000746,ORG0746,220001,UMASS MEMORIAL HEALTHALLIANCE HOSPITALS,Jodie811 Hermann103,GENERAL PRACTICE,F
PRV000747,ORG0747,220049,UMASS MEMORIAL HEALTHCARE-MARLBOROUGH HOSPITAL,Jen355 Hintz995,GENERAL PRACTICE,F
PRV000748,ORG0748,220163,UMASS MEMORIAL MEDICAL CENTER/UNIVERSITY CAMPUS,Nikita578 Rogahn59,GENERAL PRACTICE,F
PRV000749,ORG0749,22010F,VA BOSTON HEALTHCARE SYSTEM - JAMAICA PLAIN,Sarai636 Howe413,GENERAL PRACTICE,F
PRV000750,ORG0750,224047,VALLEY SPRINGS BEHAVIORAL HEALTH HOSPITAL,Ernesto186 Davis923,GENERAL PRACTICE,M
PRV000751,ORG0751,224038,"WALDEN BEHAVIORAL CARE, LLC",Juan88 Hessel84,GENERAL PRACTICE,F
PRV000752,ORG0752,224044,WESTBOROUGH BEHAVIORAL HEALTHCARE HOSPITAL LLC,Enrique929 Lehner980,GENERAL PRACTICE,M
PRV000753,ORG0753,224023,WESTWOOD PEMBROKE HEALTH SYSTEMS,Murray856 Jacobs452,GENERAL PRACTICE,M
PRV000754,ORG0754,224039,WHITTIER PAVILION,Bernardo699 Barela183,GENERAL PRACTICE,M
PRV000755,ORG0755,220105,WINCHESTER HOSPITAL,Tamra871 Kerluke267,GENERAL PRACTICE,F
PRV000756,ORG0756,224032,WORCESTER RECOVERY CENTER AND HOSPITAL,Jamey282 Carroll471,GENERAL PRACTICE,F
PRV000757,ORG0757,220062,ADCARE HOSPITAL OF WORCESTER INC,Daniel959 Wolff180,GENERAL PRACTICE,M
PRV000758,ORG0758,220029,ANNA JAQUES HOSPITAL,Devona405 Stamm704,GENERAL PRACTICE,F
PRV000759,ORG0759,224013,ARBOUR HOSPITAL,Augustus49 Robel940,GENERAL PRACTICE,M
PRV000760,ORG0760,224018,ARBOUR HUMAN RESOURCE INSTITUTE,Kati243 Ruecker817,GENERAL PRACTICE,F
PRV000761,ORG0761,224021,ARBOUR-FULLER HOSPITAL,Shizuko29 Hills818,GENERAL PRACTICE,F
PRV000762,ORG0762,221303,ATHOL MEMORIAL HOSPITAL,Chery887 Nicolas769,GENERAL PRACTICE,F
PRV000763,ORG0763,220016,BAYSTATE FRANKLIN MEDICAL CENTER,Lorette239 Hauck852,GENERAL PRACTICE,F
PRV000764,ORG0764,220077,BAYSTATE MEDICAL CENTER,Frederica279 Roberts511,GENERAL PRACTICE,F
PRV000765,ORG0765,220065,BAYSTATE NOBLE HOSPITAL,Zelda766 Schmitt836,GENERAL PRACTICE,F
PRV000766,ORG0766,220030,BAYSTATE WING HOSPITAL,Wilhemina814 Lesch175,GENERAL PRACTICE,F
PRV000767,ORG0767,22001F,BEDFORD VA MEDICAL CENTER,Caroline183 Lang846,GENERAL PRACTICE,F
PRV000768,ORG0768,220046,BERKSHIRE MEDICAL CENTER,Bernie827 Borer986,GENERAL PRACTICE,M
PRV000769,ORG0769,220108,BETH ISRAEL DEACONESS HOSPITAL - MILTON,Lashawnda573 Schaefer657,GENERAL PRACTICE,F
PRV000770,ORG0770,220083,BETH ISRAEL DEACONESS HOSPITAL - NEEDHAM,Georgina806 Boyer713,GENERAL PRACTICE,F
PRV000771,ORG0771,220060,BETH ISRAEL DEACONESS HOSPITAL PLYMOUTH,Luther918 Jakubowski832,GENERAL PRACTICE,M
PRV000772,ORG0772,220086,BETH ISRAEL DEACONESS MEDICAL CENTER,Laine739 Torphy630,GENERAL PRACTICE,F
PRV000773,ORG0773,223302,BOSTON CHILDREN'S HOSPITAL,Regenia619 Bosco882,GENERAL PRACTICE,F
PRV000774,ORG0774,220031,BOSTON MEDICAL CENTER,Elmer371 Gusikowski974,GENERAL PRACTICE,M
PRV000775,ORG0775,220036,BOSTON MEDICAL CENTER-BRIGHTON,Cindi877 Rowe323,GENERAL PRACTICE,F
PRV000776,ORG0776,224022,BOURNEWOOD HOSPITAL,Sallie654 Jast432,GENERAL PRACTICE,F
PRV000777,ORG0777,220119,BRIGHAM AND WOMEN FAULKNER HOSPITAL,Danille883 Witting912,GENERAL PRACTICE,F
PRV000778,ORG0778,220110,BRIGHAM AND WOMEN'S HOSPITAL,Royce974 Goldner995,GENERAL PRACTICE,M
PRV000779,ORG0779,220073,BROWN UNIVERSITY HEALTH MORTON HOSPITAL,Peter292 Cartwright189,GENERAL PRACTICE,M
PRV000780,ORG0780,220011,CAMBRIDGE HEALTH ALLIANCE,Alla648 Towne435,GENERAL PRACTICE,F
PRV000781,ORG0781,224031,CAPE COD & ISLANDS COMMUNITY MENTAL HEALTH CENTER,Ladawn167 Cremin516,GENERAL PRACTICE,F
PRV000782,ORG0782,220012,CAPE COD HOSPITAL,Aleshia311 Block661,GENERAL PRACTICE,F
PRV000783,ORG0783,220017,CARNEY HOSPITAL,Kyoko885 Price929,GENERAL PRACTICE,F
PRV000784,ORG0784,220015,"COOLEY DICKINSON HOSPITAL INC,THE",Boris111 Romaguera67,GENERAL PRACTICE,M
PRV000785,ORG0785,224028,DR JOHN C CORRIGAN MENTAL HEALTH CENTER,Kathi607 Hilpert278,GENERAL PRACTICE,F
PRV000786,ORG0786,224040,DR SOLOMON CARTER FULLER MENTAL HEALTH CENTER,Blanche121 Bailey598,GENERAL PRACTICE,F
PRV000787,ORG0787,220084,EMERSON HOSPITAL -,Edwin773 Schultz619,GENERAL PRACTICE,M
PRV000788,ORG0788,221302,FAIRVIEW HOSPITAL,Lincoln623 Block661,GENERAL PRACTICE,M
PRV000789,ORG0789,220135,FALMOUTH HOSPITAL,Toby274 Corkery305,GENERAL PRACTICE,F
PRV000790,ORG0790,223300,FRANCISCAN CHILDREN'S HOSPITAL & REHAB CENTER,Marchelle563 Lesch175,GENERAL PRACTICE,F
PRV000791,ORG0791,220111,GOOD SAMARITAN MEDICAL CENTER,Mitsuko474 Carter549,GENERAL PRACTICE,F
PRV000792,ORG0792,220095,HEYWOOD HOSPITAL -,Cleo27 Crooks415,GENERAL PRACTICE,M
PRV000793,ORG0793,220080,HOLY FAMILY HOSPITAL,Delinda651 Krajcik437,GENERAL PRACTICE,F
PRV000794,ORG0794,220024,HOLYOKE MEDICAL CENTER,Maragaret140 Erdman779,GENERAL PRACTICE,F
PRV000795,ORG0795,224045,HOSPITAL FOR BEHAVIORAL MEDICINE,Terrence276 Wintheiser220,GENERAL PRACTICE,M
PRV000796,ORG0796,220171,"LAHEY HOSPITAL & MEDICAL CENTER, BURLINGTON",Jacinta658 Wintheiser220,GENERAL PRACTICE,F
PRV000797,ORG0797,220063,LOWELL GENERAL HOSPITAL,Elisa944 Alemán808,GENERAL PRACTICE,F
PRV000798,ORG0798,221300,MARTHA'S VINEYARD HOSPITAL INC,Alta896 Pfannerstill264,GENERAL PRACTICE,F
PRV000799,ORG0799,220075,MASSACHUSETTS EYE AND EAR INFIRMARY -,Octavio643 Delatorre612,GENERAL PRACTICE,M
PRV000800,ORG0800,220071,MASSACHUSETTS GENERAL HOSPITAL,Elsa29 Schultz619,GENERAL PRACTICE,F
PRV000801,ORG0801,224007,MCLEAN HOSPITAL CORPORATION,Kraig824 Ledner144,GENERAL PRACTICE,M
PRV000802,ORG0802,220070,MELROSEWAKEFIELD HEALTHCARE,Milda157 Schoen8,GENERAL PRACTICE,F
PRV000803,ORG0803,220066,MERCY MEDICAL CTR,José3 Villareal516,GENERAL PRACTICE,M
PRV000804,ORG0804,220010,MERRIMACK HEALTH LAWRENCE HOSPITAL,Enrique929 Saldaña5,GENERAL PRACTICE,M
PRV000805,ORG0805,220175,METROWEST MEDICAL CENTER,Rutha66 Bergstrom287,GENERAL PRACTICE,F
PRV000806,ORG0806,220090,MILFORD REGIONAL MEDICAL CENTER,Christopher407 Fisher429,GENERAL PRACTICE,M
PRV000807,ORG0807,224046,MIRAVISTA BEHAVIORAL HEALTH CENTER,Shella455 Reichel38,GENERAL PRACTICE,F
PRV000808,ORG0808,220002,MOUNT AUBURN HOSPITAL,Miguelina323 Crona259,GENERAL PRACTICE,F
PRV000809,ORG0809,220177,NANTUCKET COTTAGE HOSPITAL,Chad48 Weissnat378,GENERAL PRACTICE,M
PRV000810,ORG0810,220098,NASHOBA VALLEY MEDICAL CENTER,Agripina633 Mohr916,GENERAL PRACTICE,F
PRV000811,ORG0811,220088,NEW ENGLAND BAPTIST HOSPITAL,Leonie332 Wunsch504,GENERAL PRACTICE,F
PRV000812,ORG0812,220101,NEWTON-WELLESLEY HOSPITAL,Pearl430 Davis923,GENERAL PRACTICE,F
PRV000813,ORG0813,221304,NORTH ADAMS REGIONAL HOSPITAL CORPORATION,Dong972 Gibson10,GENERAL PRACTICE,F
PRV000814,ORG0814,220035,NORTH SHORE MEDICAL CENTER -,Greta919 Reinger292,GENERAL PRACTICE,F
PRV000815,ORG0815,22009F,NORTHAMPTON VA MEDICAL CENTER,Carisa395 Kutch271,GENERAL PRACTICE,F
PRV000816,ORG0816,220033,NORTHEAST HOSPITAL CORPORATION,Mercy752 Strosin214,GENERAL PRACTICE,F
PRV000817,ORG0817,220126,NORWOOD HOSPITAL,Jamie386 Krajcik437,GENERAL PRACTICE,M
PRV000818,ORG0818,220020,SAINT ANNE'S HOSPITAL,Mónica985 Montemayor547,GENERAL PRACTICE,F
PRV000819,ORG0819,220052,SIGNATURE HEALTHCARE BROCKTON HOSPITAL,Erich201 Skiles927,GENERAL PRACTICE,M
PRV000820,ORG0820,220100,SOUTH SHORE HOSPITAL,Quinton758 Jaskolski867,GENERAL PRACTICE,M
PRV000821,ORG0821,224041,SOUTHCOAST BEHAVIORAL HEALTH,Jim478 Goyette777,GENERAL PRACTICE,M
PRV000822,ORG0822,220074,SOUTHCOAST HOSPITALS GROUP,Hunter736 Marquardt819,GENERAL PRACTICE,M
PRV000823,ORG0823,220176,ST VINCENT HOSPITAL,Rema399 McDermott739,GENERAL PRACTICE,F
PRV000824,ORG0824,220008,STURDY MEMORIAL HOSPITAL,Lu473 Heathcote539,GENERAL PRACTICE,F
PRV000825,ORG0825,224043,TARAVISTA BEHAVIORAL HEALTH CENTER,Bobbye345 Wuckert783,GENERAL PRACTICE,F
PRV000826,ORG0826,224001,TAUNTON STATE HOSPITAL,Kizzie166 Lehner980,GENERAL PRACTICE,F
PRV000827,ORG0827,223304,THE SHRINERS' HOSPITAL FOR CHILDREN - BOSTON,Teofila990 Koch169,GENERAL PRACTICE,F
PRV000828,ORG0828,220116,TUFTS MEDICAL CENTER,Marcelino726 Hilpert278,GENERAL PRACTICE,M
PRV000829,ORG0829,220019,UMASS MEMORIAL HEALTH - HARRINGTON HOSPITAL,Kory651 Trantow673,GENERAL PRACTICE,M
PRV000830,ORG0830,220001,UMASS MEMORIAL HEALTHALLIANCE HOSPITALS,Kamilah729 Schimmel440,GENERAL PRACTICE,F
PRV000831,ORG0831,220049,UMASS MEMORIAL HEALTHCARE-MARLBOROUGH HOSPITAL,Anderson154 Lemke654,GENERAL PRACTICE,M
PRV000832,ORG0832,220163,UMASS MEMORIAL MEDICAL CENTER/UNIVERSITY CAMPUS,Londa304 Veum823,GENERAL PRACTICE,F
PRV000833,ORG0833,22010F,VA BOSTON HEALTHCARE SYSTEM - JAMAICA PLAIN,Fawn386 Hettinger594,GENERAL PRACTICE,F
PRV000834,ORG0834,224047,VALLEY SPRINGS BEHAVIORAL HEALTH HOSPITAL,Lorenzo669 Castañeda925,GENERAL PRACTICE,M
PRV000835,ORG0835,224038,"WALDEN BEHAVIORAL CARE, LLC",Kim439 Hyatt152,GENERAL PRACTICE,M
PRV000836,ORG0836,224044,WESTBOROUGH BEHAVIORAL HEALTHCARE HOSPITAL LLC,Bernie827 Ankunding277,GENERAL PRACTICE,M
PRV000837,ORG0837,224023,WESTWOOD PEMBROKE HEALTH SYSTEMS,Houston994 Funk324,GENERAL PRACTICE,M
PRV000838,ORG0838,224039,WHITTIER PAVILION,Rocky100 Schmeler639,GENERAL PRACTICE,M
PRV000839,ORG0839,220105,WINCHESTER HOSPITAL,Paris331 Schmeler639,GENERAL PRACTICE,M
